state_name,state_source,source_index,representation,repeat,collision_free,elapsed_seconds
home,named_config,,sphere,0,True,6.004003807902336e-06
home,named_config,,sphere,1,True,5.651992978528142e-06
home,named_config,,sphere,2,True,5.48199750483036e-06
home,named_config,,sphere,3,True,5.466019501909614e-06
home,named_config,,sphere,4,True,5.462992703542113e-06
home,named_config,,sphere,5,True,5.512003554031253e-06
home,named_config,,sphere,6,True,5.398993380367756e-06
home,named_config,,sphere,7,True,5.430018063634634e-06
home,named_config,,sphere,8,True,5.482026608660817e-06
home,named_config,,sphere,9,True,5.4340052884072065e-06
grasp_0,filtered_grasp,0,sphere,0,True,5.426001735031605e-06
grasp_0,filtered_grasp,0,sphere,1,True,5.453010089695454e-06
grasp_0,filtered_grasp,0,sphere,2,True,5.478010280057788e-06
grasp_0,filtered_grasp,0,sphere,3,True,5.445996066555381e-06
grasp_0,filtered_grasp,0,sphere,4,True,5.445996066555381e-06
grasp_0,filtered_grasp,0,sphere,5,True,5.4679985623806715e-06
grasp_0,filtered_grasp,0,sphere,6,True,5.416979547590017e-06
grasp_0,filtered_grasp,0,sphere,7,True,5.472014890983701e-06
grasp_0,filtered_grasp,0,sphere,8,True,5.497015081346035e-06
grasp_0,filtered_grasp,0,sphere,9,True,5.383975803852081e-06
grasp_1,filtered_grasp,1,sphere,0,True,5.469017196446657e-06
grasp_1,filtered_grasp,1,sphere,1,True,5.4679985623806715e-06
grasp_1,filtered_grasp,1,sphere,2,True,5.445006536319852e-06
grasp_1,filtered_grasp,1,sphere,3,True,5.456997314468026e-06
grasp_1,filtered_grasp,1,sphere,4,True,5.396985216066241e-06
grasp_1,filtered_grasp,1,sphere,5,True,5.461013643071055e-06
grasp_1,filtered_grasp,1,sphere,6,True,5.493988282978535e-06
grasp_1,filtered_grasp,1,sphere,7,True,5.438021617010236e-06
grasp_1,filtered_grasp,1,sphere,8,True,5.419016815721989e-06
grasp_1,filtered_grasp,1,sphere,9,True,5.581998266279697e-06
grasp_2,filtered_grasp,2,sphere,0,True,5.579990101978183e-06
grasp_2,filtered_grasp,2,sphere,1,True,5.55400038138032e-06
grasp_2,filtered_grasp,2,sphere,2,True,5.445006536319852e-06
grasp_2,filtered_grasp,2,sphere,3,True,5.5019918363541365e-06
grasp_2,filtered_grasp,2,sphere,4,True,5.529000191017985e-06
grasp_2,filtered_grasp,2,sphere,5,True,5.48199750483036e-06
grasp_2,filtered_grasp,2,sphere,6,True,5.453010089695454e-06
grasp_2,filtered_grasp,2,sphere,7,True,5.4349948186427355e-06
grasp_2,filtered_grasp,2,sphere,8,True,5.586014594882727e-06
grasp_2,filtered_grasp,2,sphere,9,True,5.476991645991802e-06
grasp_3,filtered_grasp,3,sphere,0,True,5.457986844703555e-06
grasp_3,filtered_grasp,3,sphere,1,True,5.4670090321451426e-06
grasp_3,filtered_grasp,3,sphere,2,True,5.497015081346035e-06
grasp_3,filtered_grasp,3,sphere,3,True,5.4549891501665115e-06
grasp_3,filtered_grasp,3,sphere,4,True,5.431997124105692e-06
grasp_3,filtered_grasp,3,sphere,5,True,5.426991265267134e-06
grasp_3,filtered_grasp,3,sphere,6,True,5.493988282978535e-06
grasp_3,filtered_grasp,3,sphere,7,True,5.412992322817445e-06
grasp_3,filtered_grasp,3,sphere,8,True,5.645997589454055e-06
grasp_3,filtered_grasp,3,sphere,9,True,5.4000120144337416e-06
grasp_4,filtered_grasp,4,sphere,0,True,5.430978490039706e-06
grasp_4,filtered_grasp,4,sphere,1,True,5.487003363668919e-06
grasp_4,filtered_grasp,4,sphere,2,True,5.4480042308568954e-06
grasp_4,filtered_grasp,4,sphere,3,True,5.423004040494561e-06
grasp_4,filtered_grasp,4,sphere,4,True,5.449983291327953e-06
grasp_4,filtered_grasp,4,sphere,5,True,5.4470147006213665e-06
grasp_4,filtered_grasp,4,sphere,6,True,5.412002792581916e-06
grasp_4,filtered_grasp,4,sphere,7,True,5.384004907682538e-06
grasp_4,filtered_grasp,4,sphere,8,True,5.381996743381023e-06
grasp_4,filtered_grasp,4,sphere,9,True,5.45999500900507e-06
grasp_5,filtered_grasp,5,sphere,0,True,5.398003850132227e-06
grasp_5,filtered_grasp,5,sphere,1,True,5.413981853052974e-06
grasp_5,filtered_grasp,5,sphere,2,True,5.556998075917363e-06
grasp_5,filtered_grasp,5,sphere,3,True,5.509005859494209e-06
grasp_5,filtered_grasp,5,sphere,4,True,5.470006726682186e-06
grasp_5,filtered_grasp,5,sphere,5,True,5.4349948186427355e-06
grasp_5,filtered_grasp,5,sphere,6,True,5.473993951454759e-06
grasp_5,filtered_grasp,5,sphere,7,True,5.386013071984053e-06
grasp_5,filtered_grasp,5,sphere,8,True,5.473993951454759e-06
grasp_5,filtered_grasp,5,sphere,9,True,5.484005669131875e-06
grasp_6,filtered_grasp,6,sphere,0,True,5.417008651420474e-06
grasp_6,filtered_grasp,6,sphere,1,True,5.483016138896346e-06
grasp_6,filtered_grasp,6,sphere,2,True,5.6130229495465755e-06
grasp_6,filtered_grasp,6,sphere,3,True,5.374982720240951e-06
grasp_6,filtered_grasp,6,sphere,4,True,5.4879928939044476e-06
grasp_6,filtered_grasp,6,sphere,5,True,5.456007784232497e-06
grasp_6,filtered_grasp,6,sphere,6,True,5.549023626372218e-06
grasp_6,filtered_grasp,6,sphere,7,True,5.455018253996968e-06
grasp_6,filtered_grasp,6,sphere,8,True,5.490001058205962e-06
grasp_6,filtered_grasp,6,sphere,9,True,5.620007868856192e-06
grasp_7,filtered_grasp,7,sphere,0,True,5.479989340528846e-06
grasp_7,filtered_grasp,7,sphere,1,True,5.542009603232145e-06
grasp_7,filtered_grasp,7,sphere,2,True,5.465000867843628e-06
grasp_7,filtered_grasp,7,sphere,3,True,5.473993951454759e-06
grasp_7,filtered_grasp,7,sphere,4,True,5.462003173306584e-06
grasp_7,filtered_grasp,7,sphere,5,True,5.490001058205962e-06
grasp_7,filtered_grasp,7,sphere,6,True,5.456007784232497e-06
grasp_7,filtered_grasp,7,sphere,7,True,5.437992513179779e-06
grasp_7,filtered_grasp,7,sphere,8,True,5.428009899333119e-06
grasp_7,filtered_grasp,7,sphere,9,True,5.424022674560547e-06
grasp_8,filtered_grasp,8,sphere,0,True,5.431997124105692e-06
grasp_8,filtered_grasp,8,sphere,1,True,5.431997124105692e-06
grasp_8,filtered_grasp,8,sphere,2,True,5.43700298294425e-06
grasp_8,filtered_grasp,8,sphere,3,True,5.4470147006213665e-06
grasp_8,filtered_grasp,8,sphere,4,True,5.484005669131875e-06
grasp_8,filtered_grasp,8,sphere,5,True,5.470996256917715e-06
grasp_8,filtered_grasp,8,sphere,6,True,5.403009708970785e-06
grasp_8,filtered_grasp,8,sphere,7,True,5.391018930822611e-06
grasp_8,filtered_grasp,8,sphere,8,True,5.39200846105814e-06
grasp_8,filtered_grasp,8,sphere,9,True,5.379988579079509e-06
grasp_9,filtered_grasp,9,sphere,0,True,5.398993380367756e-06
grasp_9,filtered_grasp,9,sphere,1,True,5.384004907682538e-06
grasp_9,filtered_grasp,9,sphere,2,True,5.386013071984053e-06
grasp_9,filtered_grasp,9,sphere,3,True,5.406007403507829e-06
grasp_9,filtered_grasp,9,sphere,4,True,5.440000677481294e-06
grasp_9,filtered_grasp,9,sphere,5,True,5.428009899333119e-06
grasp_9,filtered_grasp,9,sphere,6,True,5.462992703542113e-06
grasp_9,filtered_grasp,9,sphere,7,True,5.372014129534364e-06
grasp_9,filtered_grasp,9,sphere,8,True,5.382986273616552e-06
grasp_9,filtered_grasp,9,sphere,9,True,5.462003173306584e-06
grasp_10,filtered_grasp,10,sphere,0,True,5.362991942092776e-06
grasp_10,filtered_grasp,10,sphere,1,True,5.4879928939044476e-06
grasp_10,filtered_grasp,10,sphere,2,True,5.424983100965619e-06
grasp_10,filtered_grasp,10,sphere,3,True,5.42399357073009e-06
grasp_10,filtered_grasp,10,sphere,4,True,5.4010015446692705e-06
grasp_10,filtered_grasp,10,sphere,5,True,5.353009328246117e-06
grasp_10,filtered_grasp,10,sphere,6,True,5.353998858481646e-06
grasp_10,filtered_grasp,10,sphere,7,True,5.407986463978887e-06
grasp_10,filtered_grasp,10,sphere,8,True,5.461013643071055e-06
grasp_10,filtered_grasp,10,sphere,9,True,5.4010015446692705e-06
grasp_11,filtered_grasp,11,sphere,0,True,5.337002221494913e-06
grasp_11,filtered_grasp,11,sphere,1,True,5.428999429568648e-06
grasp_11,filtered_grasp,11,sphere,2,True,5.4340052884072065e-06
grasp_11,filtered_grasp,11,sphere,3,True,5.365000106394291e-06
grasp_11,filtered_grasp,11,sphere,4,True,5.382986273616552e-06
grasp_11,filtered_grasp,11,sphere,5,True,5.365000106394291e-06
grasp_11,filtered_grasp,11,sphere,6,True,5.3689873311668634e-06
grasp_11,filtered_grasp,11,sphere,7,True,5.428009899333119e-06
grasp_11,filtered_grasp,11,sphere,8,True,5.417998181656003e-06
grasp_11,filtered_grasp,11,sphere,9,True,5.370995495468378e-06
grasp_12,filtered_grasp,12,sphere,0,True,5.411013262346387e-06
grasp_12,filtered_grasp,12,sphere,1,True,5.426001735031605e-06
grasp_12,filtered_grasp,12,sphere,2,True,6.229995051398873e-06
grasp_12,filtered_grasp,12,sphere,3,True,5.4140109568834305e-06
grasp_12,filtered_grasp,12,sphere,4,True,5.384004907682538e-06
grasp_12,filtered_grasp,12,sphere,5,True,5.424022674560547e-06
grasp_12,filtered_grasp,12,sphere,6,True,5.438021617010236e-06
grasp_12,filtered_grasp,12,sphere,7,True,5.397014319896698e-06
grasp_12,filtered_grasp,12,sphere,8,True,5.375011824071407e-06
grasp_12,filtered_grasp,12,sphere,9,True,5.4089759942144156e-06
grasp_13,filtered_grasp,13,sphere,0,True,6.887014023959637e-06
grasp_13,filtered_grasp,13,sphere,1,True,5.426991265267134e-06
grasp_13,filtered_grasp,13,sphere,2,True,5.391018930822611e-06
grasp_13,filtered_grasp,13,sphere,3,True,5.346984835341573e-06
grasp_13,filtered_grasp,13,sphere,4,True,5.391979357227683e-06
grasp_13,filtered_grasp,13,sphere,5,True,5.423004040494561e-06
grasp_13,filtered_grasp,13,sphere,6,True,5.417008651420474e-06
grasp_13,filtered_grasp,13,sphere,7,True,5.359004717320204e-06
grasp_13,filtered_grasp,13,sphere,8,True,5.382986273616552e-06
grasp_13,filtered_grasp,13,sphere,9,True,5.4810079745948315e-06
grasp_14,filtered_grasp,14,sphere,0,True,5.415990017354488e-06
grasp_14,filtered_grasp,14,sphere,1,True,5.3689873311668634e-06
grasp_14,filtered_grasp,14,sphere,2,True,5.3810072131454945e-06
grasp_14,filtered_grasp,14,sphere,3,True,5.4359843488782644e-06
grasp_14,filtered_grasp,14,sphere,4,True,5.398003850132227e-06
grasp_14,filtered_grasp,14,sphere,5,True,5.4010015446692705e-06
grasp_14,filtered_grasp,14,sphere,6,True,5.417998181656003e-06
grasp_14,filtered_grasp,14,sphere,7,True,5.462003173306584e-06
grasp_14,filtered_grasp,14,sphere,8,True,5.452020559459925e-06
grasp_14,filtered_grasp,14,sphere,9,True,5.381996743381023e-06
grasp_15,filtered_grasp,15,sphere,0,True,5.404988769441843e-06
grasp_15,filtered_grasp,15,sphere,1,True,5.4549891501665115e-06
grasp_15,filtered_grasp,15,sphere,2,True,5.433015758171678e-06
grasp_15,filtered_grasp,15,sphere,3,True,5.4349948186427355e-06
grasp_15,filtered_grasp,15,sphere,4,True,5.426001735031605e-06
grasp_15,filtered_grasp,15,sphere,5,True,5.398003850132227e-06
grasp_15,filtered_grasp,15,sphere,6,True,5.399982910603285e-06
grasp_15,filtered_grasp,15,sphere,7,True,5.399022484198213e-06
grasp_15,filtered_grasp,15,sphere,8,True,5.360983777791262e-06
grasp_15,filtered_grasp,15,sphere,9,True,5.4019910749047995e-06
grasp_16,filtered_grasp,16,sphere,0,True,5.448993761092424e-06
grasp_16,filtered_grasp,16,sphere,1,True,5.474983481690288e-06
grasp_16,filtered_grasp,16,sphere,2,True,5.438982043415308e-06
grasp_16,filtered_grasp,16,sphere,3,True,5.470006726682186e-06
grasp_16,filtered_grasp,16,sphere,4,True,5.365000106394291e-06
grasp_16,filtered_grasp,16,sphere,5,True,5.384994437918067e-06
grasp_16,filtered_grasp,16,sphere,6,True,5.370995495468378e-06
grasp_16,filtered_grasp,16,sphere,7,True,5.366979166865349e-06
grasp_16,filtered_grasp,16,sphere,8,True,5.4209958761930466e-06
grasp_16,filtered_grasp,16,sphere,9,True,5.35600702278316e-06
grasp_17,filtered_grasp,17,sphere,0,True,5.540001438930631e-06
grasp_17,filtered_grasp,17,sphere,1,True,5.420006345957518e-06
grasp_17,filtered_grasp,17,sphere,2,True,5.45999500900507e-06
grasp_17,filtered_grasp,17,sphere,3,True,5.417998181656003e-06
grasp_17,filtered_grasp,17,sphere,4,True,5.366018740460277e-06
grasp_17,filtered_grasp,17,sphere,5,True,5.4349948186427355e-06
grasp_17,filtered_grasp,17,sphere,6,True,5.436973879113793e-06
grasp_17,filtered_grasp,17,sphere,7,True,5.395006155595183e-06
grasp_17,filtered_grasp,17,sphere,8,True,5.402020178735256e-06
grasp_17,filtered_grasp,17,sphere,9,True,5.4010015446692705e-06
grasp_18,filtered_grasp,18,sphere,0,True,5.448993761092424e-06
grasp_18,filtered_grasp,18,sphere,1,True,5.423004040494561e-06
grasp_18,filtered_grasp,18,sphere,2,True,5.375011824071407e-06
grasp_18,filtered_grasp,18,sphere,3,True,5.346984835341573e-06
grasp_18,filtered_grasp,18,sphere,4,True,5.366979166865349e-06
grasp_18,filtered_grasp,18,sphere,5,True,5.412002792581916e-06
grasp_18,filtered_grasp,18,sphere,6,True,6.162008503451943e-06
grasp_18,filtered_grasp,18,sphere,7,True,5.383015377447009e-06
grasp_18,filtered_grasp,18,sphere,8,True,5.390000296756625e-06
grasp_18,filtered_grasp,18,sphere,9,True,5.379988579079509e-06
grasp_19,filtered_grasp,19,sphere,0,True,5.430018063634634e-06
grasp_19,filtered_grasp,19,sphere,1,True,5.393987521529198e-06
grasp_19,filtered_grasp,19,sphere,2,True,5.3889816626906395e-06
grasp_19,filtered_grasp,19,sphere,3,True,5.442008841782808e-06
grasp_19,filtered_grasp,19,sphere,4,True,5.406007403507829e-06
grasp_19,filtered_grasp,19,sphere,5,True,5.344976671040058e-06
grasp_19,filtered_grasp,19,sphere,6,True,5.376001354306936e-06
grasp_19,filtered_grasp,19,sphere,7,True,5.338981281965971e-06
grasp_19,filtered_grasp,19,sphere,8,True,5.413981853052974e-06
grasp_19,filtered_grasp,19,sphere,9,True,5.425012204796076e-06
grasp_20,filtered_grasp,20,sphere,0,True,5.362002411857247e-06
grasp_20,filtered_grasp,20,sphere,1,True,5.391018930822611e-06
grasp_20,filtered_grasp,20,sphere,2,True,5.3349940571933985e-06
grasp_20,filtered_grasp,20,sphere,3,True,5.376990884542465e-06
grasp_20,filtered_grasp,20,sphere,4,True,5.4270203690975904e-06
grasp_20,filtered_grasp,20,sphere,5,True,5.396024789661169e-06
grasp_20,filtered_grasp,20,sphere,6,True,5.386013071984053e-06
grasp_20,filtered_grasp,20,sphere,7,True,5.4209958761930466e-06
grasp_20,filtered_grasp,20,sphere,8,True,5.409994628280401e-06
grasp_20,filtered_grasp,20,sphere,9,True,5.442998372018337e-06
grasp_21,filtered_grasp,21,sphere,0,True,5.351990694180131e-06
grasp_21,filtered_grasp,21,sphere,1,True,5.372014129534364e-06
grasp_21,filtered_grasp,21,sphere,2,True,5.406996933743358e-06
grasp_21,filtered_grasp,21,sphere,3,True,5.384004907682538e-06
grasp_21,filtered_grasp,21,sphere,4,True,5.462003173306584e-06
grasp_21,filtered_grasp,21,sphere,5,True,5.343987140804529e-06
grasp_21,filtered_grasp,21,sphere,6,True,5.37899904884398e-06
grasp_21,filtered_grasp,21,sphere,7,True,5.477020749822259e-06
grasp_21,filtered_grasp,21,sphere,8,True,5.4209958761930466e-06
grasp_21,filtered_grasp,21,sphere,9,True,5.42399357073009e-06
grasp_22,filtered_grasp,22,sphere,0,True,5.330977728590369e-06
grasp_22,filtered_grasp,22,sphere,1,True,5.3549883887171745e-06
grasp_22,filtered_grasp,22,sphere,2,True,5.384994437918067e-06
grasp_22,filtered_grasp,22,sphere,3,True,5.37899904884398e-06
grasp_22,filtered_grasp,22,sphere,4,True,5.417008651420474e-06
grasp_22,filtered_grasp,22,sphere,5,True,5.331996362656355e-06
grasp_22,filtered_grasp,22,sphere,6,True,5.352019798010588e-06
grasp_22,filtered_grasp,22,sphere,7,True,5.4000120144337416e-06
grasp_22,filtered_grasp,22,sphere,8,True,5.5419804994016886e-06
grasp_22,filtered_grasp,22,sphere,9,True,5.4359843488782644e-06
grasp_23,filtered_grasp,23,sphere,0,True,5.345005774870515e-06
grasp_23,filtered_grasp,23,sphere,1,True,5.338020855560899e-06
grasp_23,filtered_grasp,23,sphere,2,True,5.395006155595183e-06
grasp_23,filtered_grasp,23,sphere,3,True,5.398003850132227e-06
grasp_23,filtered_grasp,23,sphere,4,True,5.3679978009313345e-06
grasp_23,filtered_grasp,23,sphere,5,True,5.392997991293669e-06
grasp_23,filtered_grasp,23,sphere,6,True,5.4010015446692705e-06
grasp_23,filtered_grasp,23,sphere,7,True,5.392997991293669e-06
grasp_23,filtered_grasp,23,sphere,8,True,5.36598963662982e-06
grasp_23,filtered_grasp,23,sphere,9,True,5.365000106394291e-06
grasp_24,filtered_grasp,24,sphere,0,True,5.3419789765030146e-06
grasp_24,filtered_grasp,24,sphere,1,True,5.4879928939044476e-06
grasp_24,filtered_grasp,24,sphere,2,True,5.373993190005422e-06
grasp_24,filtered_grasp,24,sphere,3,True,5.353009328246117e-06
grasp_24,filtered_grasp,24,sphere,4,True,5.4150004871189594e-06
grasp_24,filtered_grasp,24,sphere,5,True,5.386013071984053e-06
grasp_24,filtered_grasp,24,sphere,6,True,5.405978299677372e-06
grasp_24,filtered_grasp,24,sphere,7,True,5.383975803852081e-06
grasp_24,filtered_grasp,24,sphere,8,True,5.353009328246117e-06
grasp_24,filtered_grasp,24,sphere,9,True,5.455018253996968e-06
grasp_25,filtered_grasp,25,sphere,0,True,5.392997991293669e-06
grasp_25,filtered_grasp,25,sphere,1,True,5.384994437918067e-06
grasp_25,filtered_grasp,25,sphere,2,True,5.417998181656003e-06
grasp_25,filtered_grasp,25,sphere,3,True,5.417008651420474e-06
grasp_25,filtered_grasp,25,sphere,4,True,5.512993084266782e-06
grasp_25,filtered_grasp,25,sphere,5,True,5.4340052884072065e-06
grasp_25,filtered_grasp,25,sphere,6,True,5.4359843488782644e-06
grasp_25,filtered_grasp,25,sphere,7,True,5.380978109315038e-06
grasp_25,filtered_grasp,25,sphere,8,True,5.4010015446692705e-06
grasp_25,filtered_grasp,25,sphere,9,True,5.417008651420474e-06
grasp_26,filtered_grasp,26,sphere,0,True,5.386013071984053e-06
grasp_26,filtered_grasp,26,sphere,1,True,5.346984835341573e-06
grasp_26,filtered_grasp,26,sphere,2,True,5.3879921324551105e-06
grasp_26,filtered_grasp,26,sphere,3,True,5.433015758171678e-06
grasp_26,filtered_grasp,26,sphere,4,True,5.449022864922881e-06
grasp_26,filtered_grasp,26,sphere,5,True,5.442008841782808e-06
grasp_26,filtered_grasp,26,sphere,6,True,5.409005098044872e-06
grasp_26,filtered_grasp,26,sphere,7,True,5.426991265267134e-06
grasp_26,filtered_grasp,26,sphere,8,True,5.4010015446692705e-06
grasp_26,filtered_grasp,26,sphere,9,True,5.415990017354488e-06
grasp_27,filtered_grasp,27,sphere,0,True,5.412002792581916e-06
grasp_27,filtered_grasp,27,sphere,1,True,5.402020178735256e-06
grasp_27,filtered_grasp,27,sphere,2,True,5.359994247555733e-06
grasp_27,filtered_grasp,27,sphere,3,True,5.339010385796428e-06
grasp_27,filtered_grasp,27,sphere,4,True,5.426001735031605e-06
grasp_27,filtered_grasp,27,sphere,5,True,5.352019798010588e-06
grasp_27,filtered_grasp,27,sphere,6,True,5.351001163944602e-06
grasp_27,filtered_grasp,27,sphere,7,True,5.409005098044872e-06
grasp_27,filtered_grasp,27,sphere,8,True,5.383975803852081e-06
grasp_27,filtered_grasp,27,sphere,9,True,8.108996553346515e-06
grasp_28,filtered_grasp,28,sphere,0,True,5.392997991293669e-06
grasp_28,filtered_grasp,28,sphere,1,True,5.346984835341573e-06
grasp_28,filtered_grasp,28,sphere,2,True,5.360983777791262e-06
grasp_28,filtered_grasp,28,sphere,3,True,5.362991942092776e-06
grasp_28,filtered_grasp,28,sphere,4,True,5.342997610569e-06
grasp_28,filtered_grasp,28,sphere,5,True,5.35600702278316e-06
grasp_28,filtered_grasp,28,sphere,6,True,5.35600702278316e-06
grasp_28,filtered_grasp,28,sphere,7,True,5.326000973582268e-06
grasp_28,filtered_grasp,28,sphere,8,True,5.3209951147437096e-06
grasp_28,filtered_grasp,28,sphere,9,True,5.3140101954340935e-06
grasp_29,filtered_grasp,29,sphere,0,True,5.390989826992154e-06
grasp_29,filtered_grasp,29,sphere,1,True,5.331006832420826e-06
grasp_29,filtered_grasp,29,sphere,2,True,5.406007403507829e-06
grasp_29,filtered_grasp,29,sphere,3,True,5.395995685830712e-06
grasp_29,filtered_grasp,29,sphere,4,True,5.484005669131875e-06
grasp_29,filtered_grasp,29,sphere,5,True,5.429988959804177e-06
grasp_29,filtered_grasp,29,sphere,6,True,5.314999725669622e-06
grasp_29,filtered_grasp,29,sphere,7,True,5.345005774870515e-06
grasp_29,filtered_grasp,29,sphere,8,True,5.314999725669622e-06
grasp_29,filtered_grasp,29,sphere,9,True,5.387002602219582e-06
grasp_30,filtered_grasp,30,sphere,0,True,5.406007403507829e-06
grasp_30,filtered_grasp,30,sphere,1,True,5.365000106394291e-06
grasp_30,filtered_grasp,30,sphere,2,True,5.342008080333471e-06
grasp_30,filtered_grasp,30,sphere,3,True,5.3670082706958055e-06
grasp_30,filtered_grasp,30,sphere,4,True,5.390000296756625e-06
grasp_30,filtered_grasp,30,sphere,5,True,5.373003659769893e-06
grasp_30,filtered_grasp,30,sphere,6,True,5.342008080333471e-06
grasp_30,filtered_grasp,30,sphere,7,True,5.448993761092424e-06
grasp_30,filtered_grasp,30,sphere,8,True,5.358015187084675e-06
grasp_30,filtered_grasp,30,sphere,9,True,5.390000296756625e-06
grasp_31,filtered_grasp,31,sphere,0,True,5.406007403507829e-06
grasp_31,filtered_grasp,31,sphere,1,True,2.8692011255770922e-05
grasp_31,filtered_grasp,31,sphere,2,True,5.444977432489395e-06
grasp_31,filtered_grasp,31,sphere,3,True,5.36901643499732e-06
grasp_31,filtered_grasp,31,sphere,4,True,5.559006240218878e-06
grasp_31,filtered_grasp,31,sphere,5,True,5.4209958761930466e-06
grasp_31,filtered_grasp,31,sphere,6,True,5.451001925393939e-06
grasp_31,filtered_grasp,31,sphere,7,True,5.395995685830712e-06
grasp_31,filtered_grasp,31,sphere,8,True,5.378009518608451e-06
grasp_31,filtered_grasp,31,sphere,9,True,5.370005965232849e-06
grasp_32,filtered_grasp,32,sphere,0,True,5.359994247555733e-06
grasp_32,filtered_grasp,32,sphere,1,True,5.43700298294425e-06
grasp_32,filtered_grasp,32,sphere,2,True,5.432986654341221e-06
grasp_32,filtered_grasp,32,sphere,3,True,5.485984729602933e-06
grasp_32,filtered_grasp,32,sphere,4,True,5.385983968153596e-06
grasp_32,filtered_grasp,32,sphere,5,True,5.4229749366641045e-06
grasp_32,filtered_grasp,32,sphere,6,True,5.398993380367756e-06
grasp_32,filtered_grasp,32,sphere,7,True,5.342008080333471e-06
grasp_32,filtered_grasp,32,sphere,8,True,5.3670082706958055e-06
grasp_32,filtered_grasp,32,sphere,9,True,5.348992999643087e-06
grasp_33,filtered_grasp,33,sphere,0,True,5.324982339516282e-06
grasp_33,filtered_grasp,33,sphere,1,True,5.445996066555381e-06
grasp_33,filtered_grasp,33,sphere,2,True,5.411013262346387e-06
grasp_33,filtered_grasp,33,sphere,3,True,5.395995685830712e-06
grasp_33,filtered_grasp,33,sphere,4,True,5.502981366589665e-06
grasp_33,filtered_grasp,33,sphere,5,True,5.376001354306936e-06
grasp_33,filtered_grasp,33,sphere,6,True,5.42399357073009e-06
grasp_33,filtered_grasp,33,sphere,7,True,5.4229749366641045e-06
grasp_33,filtered_grasp,33,sphere,8,True,5.4050178732723e-06
grasp_33,filtered_grasp,33,sphere,9,True,5.393987521529198e-06
grasp_34,filtered_grasp,34,sphere,0,True,5.345995305106044e-06
grasp_34,filtered_grasp,34,sphere,1,True,5.370005965232849e-06
grasp_34,filtered_grasp,34,sphere,2,True,5.417008651420474e-06
grasp_34,filtered_grasp,34,sphere,3,True,5.453010089695454e-06
grasp_34,filtered_grasp,34,sphere,4,True,5.3800176829099655e-06
grasp_34,filtered_grasp,34,sphere,5,True,5.392997991293669e-06
grasp_34,filtered_grasp,34,sphere,6,True,5.377980414777994e-06
grasp_34,filtered_grasp,34,sphere,7,True,5.399982910603285e-06
grasp_34,filtered_grasp,34,sphere,8,True,5.366979166865349e-06
grasp_34,filtered_grasp,34,sphere,9,True,5.390000296756625e-06
grasp_35,filtered_grasp,35,sphere,0,True,5.376990884542465e-06
grasp_35,filtered_grasp,35,sphere,1,True,5.345005774870515e-06
grasp_35,filtered_grasp,35,sphere,2,True,5.350011633709073e-06
grasp_35,filtered_grasp,35,sphere,3,True,5.325011443346739e-06
grasp_35,filtered_grasp,35,sphere,4,True,5.3480034694075584e-06
grasp_35,filtered_grasp,35,sphere,5,True,5.433015758171678e-06
grasp_35,filtered_grasp,35,sphere,6,True,5.398003850132227e-06
grasp_35,filtered_grasp,35,sphere,7,True,5.336012691259384e-06
grasp_35,filtered_grasp,35,sphere,8,True,5.361012881621718e-06
grasp_35,filtered_grasp,35,sphere,9,True,5.3460244089365005e-06
grasp_36,filtered_grasp,36,sphere,0,True,5.431007593870163e-06
grasp_36,filtered_grasp,36,sphere,1,True,5.451001925393939e-06
grasp_36,filtered_grasp,36,sphere,2,True,5.385983968153596e-06
grasp_36,filtered_grasp,36,sphere,3,True,5.3679978009313345e-06
grasp_36,filtered_grasp,36,sphere,4,True,5.373993190005422e-06
grasp_36,filtered_grasp,36,sphere,5,True,5.374982720240951e-06
grasp_36,filtered_grasp,36,sphere,6,True,5.356996553018689e-06
grasp_36,filtered_grasp,36,sphere,7,True,5.3480034694075584e-06
grasp_36,filtered_grasp,36,sphere,8,True,5.337991751730442e-06
grasp_36,filtered_grasp,36,sphere,9,True,5.373003659769893e-06
grasp_37,filtered_grasp,37,sphere,0,True,5.458976374939084e-06
grasp_37,filtered_grasp,37,sphere,1,True,5.4010015446692705e-06
grasp_37,filtered_grasp,37,sphere,2,True,5.3349940571933985e-06
grasp_37,filtered_grasp,37,sphere,3,True,5.420006345957518e-06
grasp_37,filtered_grasp,37,sphere,4,True,5.352019798010588e-06
grasp_37,filtered_grasp,37,sphere,5,True,5.342997610569e-06
grasp_37,filtered_grasp,37,sphere,6,True,5.36598963662982e-06
grasp_37,filtered_grasp,37,sphere,7,True,6.3280167523771524e-06
grasp_37,filtered_grasp,37,sphere,8,True,5.347974365577102e-06
grasp_37,filtered_grasp,37,sphere,9,True,5.39200846105814e-06
grasp_38,filtered_grasp,38,sphere,0,True,5.3879921324551105e-06
grasp_38,filtered_grasp,38,sphere,1,True,5.350011633709073e-06
grasp_38,filtered_grasp,38,sphere,2,True,5.3689873311668634e-06
grasp_38,filtered_grasp,38,sphere,3,True,5.3670082706958055e-06
grasp_38,filtered_grasp,38,sphere,4,True,5.36598963662982e-06
grasp_38,filtered_grasp,38,sphere,5,True,5.362002411857247e-06
grasp_38,filtered_grasp,38,sphere,6,True,5.330017302185297e-06
grasp_38,filtered_grasp,38,sphere,7,True,5.395006155595183e-06
grasp_38,filtered_grasp,38,sphere,8,True,6.5820058807730675e-06
grasp_38,filtered_grasp,38,sphere,9,True,5.384004907682538e-06
grasp_39,filtered_grasp,39,sphere,0,True,5.343987140804529e-06
grasp_39,filtered_grasp,39,sphere,1,True,5.332985892891884e-06
grasp_39,filtered_grasp,39,sphere,2,True,5.355017492547631e-06
grasp_39,filtered_grasp,39,sphere,3,True,5.3340045269578695e-06
grasp_39,filtered_grasp,39,sphere,4,True,5.325011443346739e-06
grasp_39,filtered_grasp,39,sphere,5,True,5.345995305106044e-06
grasp_39,filtered_grasp,39,sphere,6,True,5.336012691259384e-06
grasp_39,filtered_grasp,39,sphere,7,True,5.3010007832199335e-06
grasp_39,filtered_grasp,39,sphere,8,True,5.3219846449792385e-06
grasp_39,filtered_grasp,39,sphere,9,True,5.326000973582268e-06
grasp_40,filtered_grasp,40,sphere,0,True,5.457986844703555e-06
grasp_40,filtered_grasp,40,sphere,1,True,5.381996743381023e-06
grasp_40,filtered_grasp,40,sphere,2,True,5.379988579079509e-06
grasp_40,filtered_grasp,40,sphere,3,True,5.386973498389125e-06
grasp_40,filtered_grasp,40,sphere,4,True,5.348992999643087e-06
grasp_40,filtered_grasp,40,sphere,5,True,5.3889816626906395e-06
grasp_40,filtered_grasp,40,sphere,6,True,5.346984835341573e-06
grasp_40,filtered_grasp,40,sphere,7,True,5.340989446267486e-06
grasp_40,filtered_grasp,40,sphere,8,True,5.3670082706958055e-06
grasp_40,filtered_grasp,40,sphere,9,True,5.4000120144337416e-06
grasp_41,filtered_grasp,41,sphere,0,True,5.371985025703907e-06
grasp_41,filtered_grasp,41,sphere,1,True,5.4209958761930466e-06
grasp_41,filtered_grasp,41,sphere,2,True,5.417008651420474e-06
grasp_41,filtered_grasp,41,sphere,3,True,5.390989826992154e-06
grasp_41,filtered_grasp,41,sphere,4,True,5.3879921324551105e-06
grasp_41,filtered_grasp,41,sphere,5,True,5.363021045923233e-06
grasp_41,filtered_grasp,41,sphere,6,True,5.384994437918067e-06
grasp_41,filtered_grasp,41,sphere,7,True,5.425972631201148e-06
grasp_41,filtered_grasp,41,sphere,8,True,5.3879921324551105e-06
grasp_41,filtered_grasp,41,sphere,9,True,5.372014129534364e-06
grasp_42,filtered_grasp,42,sphere,0,True,5.378009518608451e-06
grasp_42,filtered_grasp,42,sphere,1,True,7.650000043213367e-06
grasp_42,filtered_grasp,42,sphere,2,True,5.654001142829657e-06
grasp_42,filtered_grasp,42,sphere,3,True,5.57297607883811e-06
grasp_42,filtered_grasp,42,sphere,4,True,5.359994247555733e-06
grasp_42,filtered_grasp,42,sphere,5,True,5.337002221494913e-06
grasp_42,filtered_grasp,42,sphere,6,True,5.453999619930983e-06
grasp_42,filtered_grasp,42,sphere,7,True,5.403999239206314e-06
grasp_42,filtered_grasp,42,sphere,8,True,5.345995305106044e-06
grasp_42,filtered_grasp,42,sphere,9,True,5.37899904884398e-06
grasp_43,filtered_grasp,43,sphere,0,True,5.42399357073009e-06
grasp_43,filtered_grasp,43,sphere,1,True,5.390000296756625e-06
grasp_43,filtered_grasp,43,sphere,2,True,5.418987711891532e-06
grasp_43,filtered_grasp,43,sphere,3,True,5.430978490039706e-06
grasp_43,filtered_grasp,43,sphere,4,True,5.391979357227683e-06
grasp_43,filtered_grasp,43,sphere,5,True,5.376001354306936e-06
grasp_43,filtered_grasp,43,sphere,6,True,5.363981472328305e-06
grasp_43,filtered_grasp,43,sphere,7,True,5.379988579079509e-06
grasp_43,filtered_grasp,43,sphere,8,True,5.338981281965971e-06
grasp_43,filtered_grasp,43,sphere,9,True,5.396024789661169e-06
grasp_44,filtered_grasp,44,sphere,0,True,5.529000191017985e-06
grasp_44,filtered_grasp,44,sphere,1,True,6.142014171928167e-06
grasp_44,filtered_grasp,44,sphere,2,True,5.327980034053326e-06
grasp_44,filtered_grasp,44,sphere,3,True,5.326000973582268e-06
grasp_44,filtered_grasp,44,sphere,4,True,5.390000296756625e-06
grasp_44,filtered_grasp,44,sphere,5,True,5.320005584508181e-06
grasp_44,filtered_grasp,44,sphere,6,True,5.277019226923585e-06
grasp_44,filtered_grasp,44,sphere,7,True,5.377019988372922e-06
grasp_44,filtered_grasp,44,sphere,8,True,5.3010007832199335e-06
grasp_44,filtered_grasp,44,sphere,9,True,5.336012691259384e-06
grasp_45,filtered_grasp,45,sphere,0,True,5.345995305106044e-06
grasp_45,filtered_grasp,45,sphere,1,True,5.44698559679091e-06
grasp_45,filtered_grasp,45,sphere,2,True,5.335983587428927e-06
grasp_45,filtered_grasp,45,sphere,3,True,5.407986463978887e-06
grasp_45,filtered_grasp,45,sphere,4,True,5.465000867843628e-06
grasp_45,filtered_grasp,45,sphere,5,True,5.384994437918067e-06
grasp_45,filtered_grasp,45,sphere,6,True,5.376001354306936e-06
grasp_45,filtered_grasp,45,sphere,7,True,5.426001735031605e-06
grasp_45,filtered_grasp,45,sphere,8,True,5.404988769441843e-06
grasp_45,filtered_grasp,45,sphere,9,True,5.4150004871189594e-06
grasp_46,filtered_grasp,46,sphere,0,True,5.394977051764727e-06
grasp_46,filtered_grasp,46,sphere,1,True,5.384994437918067e-06
grasp_46,filtered_grasp,46,sphere,2,True,5.409005098044872e-06
grasp_46,filtered_grasp,46,sphere,3,True,5.424983100965619e-06
grasp_46,filtered_grasp,46,sphere,4,True,5.382986273616552e-06
grasp_46,filtered_grasp,46,sphere,5,True,5.4219854064285755e-06
grasp_46,filtered_grasp,46,sphere,6,True,5.418987711891532e-06
grasp_46,filtered_grasp,46,sphere,7,True,5.338020855560899e-06
grasp_46,filtered_grasp,46,sphere,8,True,5.37899904884398e-06
grasp_46,filtered_grasp,46,sphere,9,True,5.377019988372922e-06
grasp_47,filtered_grasp,47,sphere,0,True,5.373003659769893e-06
grasp_47,filtered_grasp,47,sphere,1,True,5.3889816626906395e-06
grasp_47,filtered_grasp,47,sphere,2,True,5.364010576158762e-06
grasp_47,filtered_grasp,47,sphere,3,True,5.287001840770245e-06
grasp_47,filtered_grasp,47,sphere,4,True,5.320005584508181e-06
grasp_47,filtered_grasp,47,sphere,5,True,5.325011443346739e-06
grasp_47,filtered_grasp,47,sphere,6,True,5.343987140804529e-06
grasp_47,filtered_grasp,47,sphere,7,True,5.364010576158762e-06
grasp_47,filtered_grasp,47,sphere,8,True,5.3810072131454945e-06
grasp_47,filtered_grasp,47,sphere,9,True,5.341018550097942e-06
grasp_48,filtered_grasp,48,sphere,0,True,5.439011147245765e-06
grasp_48,filtered_grasp,48,sphere,1,True,5.426991265267134e-06
grasp_48,filtered_grasp,48,sphere,2,True,5.394977051764727e-06
grasp_48,filtered_grasp,48,sphere,3,True,5.383015377447009e-06
grasp_48,filtered_grasp,48,sphere,4,True,5.37899904884398e-06
grasp_48,filtered_grasp,48,sphere,5,True,5.331006832420826e-06
grasp_48,filtered_grasp,48,sphere,6,True,5.3889816626906395e-06
grasp_48,filtered_grasp,48,sphere,7,True,5.3670082706958055e-06
grasp_48,filtered_grasp,48,sphere,8,True,5.370995495468378e-06
grasp_48,filtered_grasp,48,sphere,9,True,5.333014996722341e-06
grasp_49,filtered_grasp,49,sphere,0,True,5.382986273616552e-06
grasp_49,filtered_grasp,49,sphere,1,True,5.3470139391720295e-06
grasp_49,filtered_grasp,49,sphere,2,True,5.3879921324551105e-06
grasp_49,filtered_grasp,49,sphere,3,True,5.604000762104988e-06
grasp_49,filtered_grasp,49,sphere,4,True,5.456997314468026e-06
grasp_49,filtered_grasp,49,sphere,5,True,5.431997124105692e-06
grasp_49,filtered_grasp,49,sphere,6,True,5.4679985623806715e-06
grasp_49,filtered_grasp,49,sphere,7,True,5.395995685830712e-06
grasp_49,filtered_grasp,49,sphere,8,True,5.353998858481646e-06
grasp_49,filtered_grasp,49,sphere,9,True,5.408015567809343e-06
grasp_50,filtered_grasp,50,sphere,0,True,5.4050178732723e-06
grasp_50,filtered_grasp,50,sphere,1,True,5.332985892891884e-06
grasp_50,filtered_grasp,50,sphere,2,True,5.3810072131454945e-06
grasp_50,filtered_grasp,50,sphere,3,True,5.35600702278316e-06
grasp_50,filtered_grasp,50,sphere,4,True,5.372014129534364e-06
grasp_50,filtered_grasp,50,sphere,5,True,6.754999049007893e-06
grasp_50,filtered_grasp,50,sphere,6,True,5.374982720240951e-06
grasp_50,filtered_grasp,50,sphere,7,True,5.331006832420826e-06
grasp_50,filtered_grasp,50,sphere,8,True,5.425012204796076e-06
grasp_50,filtered_grasp,50,sphere,9,True,5.37899904884398e-06
grasp_51,filtered_grasp,51,sphere,0,True,5.428009899333119e-06
grasp_51,filtered_grasp,51,sphere,1,True,5.37899904884398e-06
grasp_51,filtered_grasp,51,sphere,2,True,5.402980605140328e-06
grasp_51,filtered_grasp,51,sphere,3,True,5.395006155595183e-06
grasp_51,filtered_grasp,51,sphere,4,True,5.348992999643087e-06
grasp_51,filtered_grasp,51,sphere,5,True,5.3810072131454945e-06
grasp_51,filtered_grasp,51,sphere,6,True,5.409005098044872e-06
grasp_51,filtered_grasp,51,sphere,7,True,5.351990694180131e-06
grasp_51,filtered_grasp,51,sphere,8,True,5.378009518608451e-06
grasp_51,filtered_grasp,51,sphere,9,True,5.426991265267134e-06
grasp_52,filtered_grasp,52,sphere,0,True,5.356996553018689e-06
grasp_52,filtered_grasp,52,sphere,1,True,5.419016815721989e-06
grasp_52,filtered_grasp,52,sphere,2,True,5.379988579079509e-06
grasp_52,filtered_grasp,52,sphere,3,True,5.402020178735256e-06
grasp_52,filtered_grasp,52,sphere,4,True,5.382986273616552e-06
grasp_52,filtered_grasp,52,sphere,5,True,5.3889816626906395e-06
grasp_52,filtered_grasp,52,sphere,6,True,5.337002221494913e-06
grasp_52,filtered_grasp,52,sphere,7,True,5.39200846105814e-06
grasp_52,filtered_grasp,52,sphere,8,True,5.395006155595183e-06
grasp_52,filtered_grasp,52,sphere,9,True,5.403999239206314e-06
grasp_53,filtered_grasp,53,sphere,0,True,5.376001354306936e-06
grasp_53,filtered_grasp,53,sphere,1,True,5.418987711891532e-06
grasp_53,filtered_grasp,53,sphere,2,True,5.459005478769541e-06
grasp_53,filtered_grasp,53,sphere,3,True,5.424022674560547e-06
grasp_53,filtered_grasp,53,sphere,4,True,5.370005965232849e-06
grasp_53,filtered_grasp,53,sphere,5,True,5.431007593870163e-06
grasp_53,filtered_grasp,53,sphere,6,True,5.4209958761930466e-06
grasp_53,filtered_grasp,53,sphere,7,True,5.42399357073009e-06
grasp_53,filtered_grasp,53,sphere,8,True,5.386013071984053e-06
grasp_53,filtered_grasp,53,sphere,9,True,5.324982339516282e-06
grasp_54,filtered_grasp,54,sphere,0,True,5.4150004871189594e-06
grasp_54,filtered_grasp,54,sphere,1,True,5.43397618457675e-06
grasp_54,filtered_grasp,54,sphere,2,True,5.342997610569e-06
grasp_54,filtered_grasp,54,sphere,3,True,5.333975423127413e-06
grasp_54,filtered_grasp,54,sphere,4,True,5.376001354306936e-06
grasp_54,filtered_grasp,54,sphere,5,True,5.476002115756273e-06
grasp_54,filtered_grasp,54,sphere,6,True,5.424983100965619e-06
grasp_54,filtered_grasp,54,sphere,7,True,5.335023161023855e-06
grasp_54,filtered_grasp,54,sphere,8,True,5.383015377447009e-06
grasp_54,filtered_grasp,54,sphere,9,True,5.32998819835484e-06
grasp_55,filtered_grasp,55,sphere,0,True,5.373993190005422e-06
grasp_55,filtered_grasp,55,sphere,1,True,5.375011824071407e-06
grasp_55,filtered_grasp,55,sphere,2,True,5.384004907682538e-06
grasp_55,filtered_grasp,55,sphere,3,True,5.383015377447009e-06
grasp_55,filtered_grasp,55,sphere,4,True,5.4340052884072065e-06
grasp_55,filtered_grasp,55,sphere,5,True,5.359004717320204e-06
grasp_55,filtered_grasp,55,sphere,6,True,5.381996743381023e-06
grasp_55,filtered_grasp,55,sphere,7,True,5.431007593870163e-06
grasp_55,filtered_grasp,55,sphere,8,True,5.385023541748524e-06
grasp_55,filtered_grasp,55,sphere,9,True,5.429988959804177e-06
grasp_56,filtered_grasp,56,sphere,0,True,5.387002602219582e-06
grasp_56,filtered_grasp,56,sphere,1,True,5.420006345957518e-06
grasp_56,filtered_grasp,56,sphere,2,True,5.395006155595183e-06
grasp_56,filtered_grasp,56,sphere,3,True,5.428999429568648e-06
grasp_56,filtered_grasp,56,sphere,4,True,5.3889816626906395e-06
grasp_56,filtered_grasp,56,sphere,5,True,5.4000120144337416e-06
grasp_56,filtered_grasp,56,sphere,6,True,5.3810072131454945e-06
grasp_56,filtered_grasp,56,sphere,7,True,5.391018930822611e-06
grasp_56,filtered_grasp,56,sphere,8,True,5.406996933743358e-06
grasp_56,filtered_grasp,56,sphere,9,True,6.2150065787136555e-06
grasp_57,filtered_grasp,57,sphere,0,True,5.607987986877561e-06
grasp_57,filtered_grasp,57,sphere,1,True,5.4150004871189594e-06
grasp_57,filtered_grasp,57,sphere,2,True,5.453010089695454e-06
grasp_57,filtered_grasp,57,sphere,3,True,5.4340052884072065e-06
grasp_57,filtered_grasp,57,sphere,4,True,5.387002602219582e-06
grasp_57,filtered_grasp,57,sphere,5,True,5.390989826992154e-06
grasp_57,filtered_grasp,57,sphere,6,True,5.376001354306936e-06
grasp_57,filtered_grasp,57,sphere,7,True,5.362991942092776e-06
grasp_57,filtered_grasp,57,sphere,8,True,5.410023732110858e-06
grasp_57,filtered_grasp,57,sphere,9,True,5.411013262346387e-06
grasp_58,filtered_grasp,58,sphere,0,True,5.426001735031605e-06
grasp_58,filtered_grasp,58,sphere,1,True,5.4209958761930466e-06
grasp_58,filtered_grasp,58,sphere,2,True,5.392997991293669e-06
grasp_58,filtered_grasp,58,sphere,3,True,5.4019910749047995e-06
grasp_58,filtered_grasp,58,sphere,4,True,5.3470139391720295e-06
grasp_58,filtered_grasp,58,sphere,5,True,5.39200846105814e-06
grasp_58,filtered_grasp,58,sphere,6,True,5.433015758171678e-06
grasp_58,filtered_grasp,58,sphere,7,True,5.413981853052974e-06
grasp_58,filtered_grasp,58,sphere,8,True,5.403009708970785e-06
grasp_58,filtered_grasp,58,sphere,9,True,5.392997991293669e-06
grasp_59,filtered_grasp,59,sphere,0,True,5.397014319896698e-06
grasp_59,filtered_grasp,59,sphere,1,True,5.36598963662982e-06
grasp_59,filtered_grasp,59,sphere,2,True,5.335023161023855e-06
grasp_59,filtered_grasp,59,sphere,3,True,5.362002411857247e-06
grasp_59,filtered_grasp,59,sphere,4,True,5.359004717320204e-06
grasp_59,filtered_grasp,59,sphere,5,True,5.383015377447009e-06
grasp_59,filtered_grasp,59,sphere,6,True,5.386013071984053e-06
grasp_59,filtered_grasp,59,sphere,7,True,5.451991455629468e-06
grasp_59,filtered_grasp,59,sphere,8,True,5.369976861402392e-06
grasp_59,filtered_grasp,59,sphere,9,True,5.540001438930631e-06
grasp_60,filtered_grasp,60,sphere,0,True,5.404988769441843e-06
grasp_60,filtered_grasp,60,sphere,1,True,5.3480034694075584e-06
grasp_60,filtered_grasp,60,sphere,2,True,5.387002602219582e-06
grasp_60,filtered_grasp,60,sphere,3,True,5.336012691259384e-06
grasp_60,filtered_grasp,60,sphere,4,True,5.406996933743358e-06
grasp_60,filtered_grasp,60,sphere,5,True,5.4209958761930466e-06
grasp_60,filtered_grasp,60,sphere,6,True,5.448993761092424e-06
grasp_60,filtered_grasp,60,sphere,7,True,5.4000120144337416e-06
grasp_60,filtered_grasp,60,sphere,8,True,5.3480034694075584e-06
grasp_60,filtered_grasp,60,sphere,9,True,5.35600702278316e-06
grasp_61,filtered_grasp,61,sphere,0,True,5.399022484198213e-06
grasp_61,filtered_grasp,61,sphere,1,True,5.381996743381023e-06
grasp_61,filtered_grasp,61,sphere,2,True,5.3679978009313345e-06
grasp_61,filtered_grasp,61,sphere,3,True,5.425012204796076e-06
grasp_61,filtered_grasp,61,sphere,4,True,5.398003850132227e-06
grasp_61,filtered_grasp,61,sphere,5,True,5.4019910749047995e-06
grasp_61,filtered_grasp,61,sphere,6,True,5.3689873311668634e-06
grasp_61,filtered_grasp,61,sphere,7,True,5.350972060114145e-06
grasp_61,filtered_grasp,61,sphere,8,True,5.431007593870163e-06
grasp_61,filtered_grasp,61,sphere,9,True,5.377980414777994e-06
grasp_62,filtered_grasp,62,sphere,0,True,5.385983968153596e-06
grasp_62,filtered_grasp,62,sphere,1,True,5.357025656849146e-06
grasp_62,filtered_grasp,62,sphere,2,True,5.365000106394291e-06
grasp_62,filtered_grasp,62,sphere,3,True,5.391979357227683e-06
grasp_62,filtered_grasp,62,sphere,4,True,5.3679978009313345e-06
grasp_62,filtered_grasp,62,sphere,5,True,5.5130221880972385e-06
grasp_62,filtered_grasp,62,sphere,6,True,5.36901643499732e-06
grasp_62,filtered_grasp,62,sphere,7,True,5.395995685830712e-06
grasp_62,filtered_grasp,62,sphere,8,True,5.361012881621718e-06
grasp_62,filtered_grasp,62,sphere,9,True,5.365000106394291e-06
grasp_63,filtered_grasp,63,sphere,0,True,5.35600702278316e-06
grasp_63,filtered_grasp,63,sphere,1,True,5.43397618457675e-06
grasp_63,filtered_grasp,63,sphere,2,True,6.354006472975016e-06
grasp_63,filtered_grasp,63,sphere,3,True,5.428999429568648e-06
grasp_63,filtered_grasp,63,sphere,4,True,5.4150004871189594e-06
grasp_63,filtered_grasp,63,sphere,5,True,5.373003659769893e-06
grasp_63,filtered_grasp,63,sphere,6,True,5.407986463978887e-06
grasp_63,filtered_grasp,63,sphere,7,True,5.435023922473192e-06
grasp_63,filtered_grasp,63,sphere,8,True,5.479989340528846e-06
grasp_63,filtered_grasp,63,sphere,9,True,5.399022484198213e-06
grasp_64,filtered_grasp,64,sphere,0,True,5.432986654341221e-06
grasp_64,filtered_grasp,64,sphere,1,True,5.384994437918067e-06
grasp_64,filtered_grasp,64,sphere,2,True,5.41098415851593e-06
grasp_64,filtered_grasp,64,sphere,3,True,5.3810072131454945e-06
grasp_64,filtered_grasp,64,sphere,4,True,5.366018740460277e-06
grasp_64,filtered_grasp,64,sphere,5,True,5.3349940571933985e-06
grasp_64,filtered_grasp,64,sphere,6,True,5.351001163944602e-06
grasp_64,filtered_grasp,64,sphere,7,True,5.3689873311668634e-06
grasp_64,filtered_grasp,64,sphere,8,True,5.41802728548646e-06
grasp_64,filtered_grasp,64,sphere,9,True,5.376001354306936e-06
grasp_65,filtered_grasp,65,sphere,0,True,5.373993190005422e-06
grasp_65,filtered_grasp,65,sphere,1,True,5.376001354306936e-06
grasp_65,filtered_grasp,65,sphere,2,True,5.506997695192695e-06
grasp_65,filtered_grasp,65,sphere,3,True,5.390989826992154e-06
grasp_65,filtered_grasp,65,sphere,4,True,5.386013071984053e-06
grasp_65,filtered_grasp,65,sphere,5,True,5.390000296756625e-06
grasp_65,filtered_grasp,65,sphere,6,True,5.4010015446692705e-06
grasp_65,filtered_grasp,65,sphere,7,True,5.430018063634634e-06
grasp_65,filtered_grasp,65,sphere,8,True,5.411013262346387e-06
grasp_65,filtered_grasp,65,sphere,9,True,5.331996362656355e-06
grasp_66,filtered_grasp,66,sphere,0,True,5.363021045923233e-06
grasp_66,filtered_grasp,66,sphere,1,True,5.351990694180131e-06
grasp_66,filtered_grasp,66,sphere,2,True,5.35600702278316e-06
grasp_66,filtered_grasp,66,sphere,3,True,5.374982720240951e-06
grasp_66,filtered_grasp,66,sphere,4,True,5.374022293835878e-06
grasp_66,filtered_grasp,66,sphere,5,True,5.442998372018337e-06
grasp_66,filtered_grasp,66,sphere,6,True,5.41098415851593e-06
grasp_66,filtered_grasp,66,sphere,7,True,5.4010015446692705e-06
grasp_66,filtered_grasp,66,sphere,8,True,5.3689873311668634e-06
grasp_66,filtered_grasp,66,sphere,9,True,5.35298022441566e-06
grasp_67,filtered_grasp,67,sphere,0,True,5.3810072131454945e-06
grasp_67,filtered_grasp,67,sphere,1,True,5.402980605140328e-06
grasp_67,filtered_grasp,67,sphere,2,True,5.352019798010588e-06
grasp_67,filtered_grasp,67,sphere,3,True,5.396985216066241e-06
grasp_67,filtered_grasp,67,sphere,4,True,5.3549883887171745e-06
grasp_67,filtered_grasp,67,sphere,5,True,5.342997610569e-06
grasp_67,filtered_grasp,67,sphere,6,True,5.328998668119311e-06
grasp_67,filtered_grasp,67,sphere,7,True,5.345005774870515e-06
grasp_67,filtered_grasp,67,sphere,8,True,5.473993951454759e-06
grasp_67,filtered_grasp,67,sphere,9,True,5.425012204796076e-06
grasp_68,filtered_grasp,68,sphere,0,True,5.405978299677372e-06
grasp_68,filtered_grasp,68,sphere,1,True,5.4010015446692705e-06
grasp_68,filtered_grasp,68,sphere,2,True,5.418987711891532e-06
grasp_68,filtered_grasp,68,sphere,3,True,5.3470139391720295e-06
grasp_68,filtered_grasp,68,sphere,4,True,5.372014129534364e-06
grasp_68,filtered_grasp,68,sphere,5,True,5.36901643499732e-06
grasp_68,filtered_grasp,68,sphere,6,True,5.3349940571933985e-06
grasp_68,filtered_grasp,68,sphere,7,True,5.337002221494913e-06
grasp_68,filtered_grasp,68,sphere,8,True,5.3679978009313345e-06
grasp_68,filtered_grasp,68,sphere,9,True,5.4019910749047995e-06
grasp_69,filtered_grasp,69,sphere,0,True,5.375011824071407e-06
grasp_69,filtered_grasp,69,sphere,1,True,5.418987711891532e-06
grasp_69,filtered_grasp,69,sphere,2,True,5.362002411857247e-06
grasp_69,filtered_grasp,69,sphere,3,True,5.376001354306936e-06
grasp_69,filtered_grasp,69,sphere,4,True,5.386013071984053e-06
grasp_69,filtered_grasp,69,sphere,5,True,5.3340045269578695e-06
grasp_69,filtered_grasp,69,sphere,6,True,6.124988431110978e-06
grasp_69,filtered_grasp,69,sphere,7,True,5.353009328246117e-06
grasp_69,filtered_grasp,69,sphere,8,True,5.409005098044872e-06
grasp_69,filtered_grasp,69,sphere,9,True,5.397014319896698e-06
grasp_70,filtered_grasp,70,sphere,0,True,5.4679985623806715e-06
grasp_70,filtered_grasp,70,sphere,1,True,5.451001925393939e-06
grasp_70,filtered_grasp,70,sphere,2,True,5.4559786804020405e-06
grasp_70,filtered_grasp,70,sphere,3,True,5.37899904884398e-06
grasp_70,filtered_grasp,70,sphere,4,True,5.3670082706958055e-06
grasp_70,filtered_grasp,70,sphere,5,True,5.4010015446692705e-06
grasp_70,filtered_grasp,70,sphere,6,True,5.415990017354488e-06
grasp_70,filtered_grasp,70,sphere,7,True,5.373993190005422e-06
grasp_70,filtered_grasp,70,sphere,8,True,5.370995495468378e-06
grasp_70,filtered_grasp,70,sphere,9,True,5.3689873311668634e-06
grasp_71,filtered_grasp,71,sphere,0,True,5.415990017354488e-06
grasp_71,filtered_grasp,71,sphere,1,True,5.417998181656003e-06
grasp_71,filtered_grasp,71,sphere,2,True,5.409005098044872e-06
grasp_71,filtered_grasp,71,sphere,3,True,5.410023732110858e-06
grasp_71,filtered_grasp,71,sphere,4,True,5.426001735031605e-06
grasp_71,filtered_grasp,71,sphere,5,True,5.424022674560547e-06
grasp_71,filtered_grasp,71,sphere,6,True,5.3670082706958055e-06
grasp_71,filtered_grasp,71,sphere,7,True,9.520997991785407e-06
grasp_71,filtered_grasp,71,sphere,8,True,5.581998266279697e-06
grasp_71,filtered_grasp,71,sphere,9,True,5.316018359735608e-06
grasp_72,filtered_grasp,72,sphere,0,True,5.3889816626906395e-06
grasp_72,filtered_grasp,72,sphere,1,True,5.3679978009313345e-06
grasp_72,filtered_grasp,72,sphere,2,True,5.35298022441566e-06
grasp_72,filtered_grasp,72,sphere,3,True,5.3879921324551105e-06
grasp_72,filtered_grasp,72,sphere,4,True,5.409994628280401e-06
grasp_72,filtered_grasp,72,sphere,5,True,5.352019798010588e-06
grasp_72,filtered_grasp,72,sphere,6,True,5.363021045923233e-06
grasp_72,filtered_grasp,72,sphere,7,True,5.3460244089365005e-06
grasp_72,filtered_grasp,72,sphere,8,True,5.343987140804529e-06
grasp_72,filtered_grasp,72,sphere,9,True,5.362991942092776e-06
grasp_73,filtered_grasp,73,sphere,0,True,5.339010385796428e-06
grasp_73,filtered_grasp,73,sphere,1,True,5.478999810293317e-06
grasp_73,filtered_grasp,73,sphere,2,True,5.399022484198213e-06
grasp_73,filtered_grasp,73,sphere,3,True,5.373993190005422e-06
grasp_73,filtered_grasp,73,sphere,4,True,5.398003850132227e-06
grasp_73,filtered_grasp,73,sphere,5,True,5.392997991293669e-06
grasp_73,filtered_grasp,73,sphere,6,True,5.350011633709073e-06
grasp_73,filtered_grasp,73,sphere,7,True,5.4359843488782644e-06
grasp_73,filtered_grasp,73,sphere,8,True,5.359994247555733e-06
grasp_73,filtered_grasp,73,sphere,9,True,5.373993190005422e-06
grasp_74,filtered_grasp,74,sphere,0,True,5.389010766521096e-06
grasp_74,filtered_grasp,74,sphere,1,True,5.377980414777994e-06
grasp_74,filtered_grasp,74,sphere,2,True,5.387002602219582e-06
grasp_74,filtered_grasp,74,sphere,3,True,5.397014319896698e-06
grasp_74,filtered_grasp,74,sphere,4,True,5.41098415851593e-06
grasp_74,filtered_grasp,74,sphere,5,True,5.3340045269578695e-06
grasp_74,filtered_grasp,74,sphere,6,True,5.37899904884398e-06
grasp_74,filtered_grasp,74,sphere,7,True,5.370995495468378e-06
grasp_74,filtered_grasp,74,sphere,8,True,5.381996743381023e-06
grasp_74,filtered_grasp,74,sphere,9,True,5.3810072131454945e-06
grasp_75,filtered_grasp,75,sphere,0,True,5.373003659769893e-06
grasp_75,filtered_grasp,75,sphere,1,True,5.45999500900507e-06
grasp_75,filtered_grasp,75,sphere,2,True,5.409994628280401e-06
grasp_75,filtered_grasp,75,sphere,3,True,5.380978109315038e-06
grasp_75,filtered_grasp,75,sphere,4,True,5.376001354306936e-06
grasp_75,filtered_grasp,75,sphere,5,True,5.378009518608451e-06
grasp_75,filtered_grasp,75,sphere,6,True,5.408015567809343e-06
grasp_75,filtered_grasp,75,sphere,7,True,5.379988579079509e-06
grasp_75,filtered_grasp,75,sphere,8,True,5.490001058205962e-06
grasp_75,filtered_grasp,75,sphere,9,True,5.376001354306936e-06
grasp_76,filtered_grasp,76,sphere,0,True,5.497015081346035e-06
grasp_76,filtered_grasp,76,sphere,1,True,5.386013071984053e-06
grasp_76,filtered_grasp,76,sphere,2,True,5.402020178735256e-06
grasp_76,filtered_grasp,76,sphere,3,True,5.37899904884398e-06
grasp_76,filtered_grasp,76,sphere,4,True,5.386013071984053e-06
grasp_76,filtered_grasp,76,sphere,5,True,5.3889816626906395e-06
grasp_76,filtered_grasp,76,sphere,6,True,5.420006345957518e-06
grasp_76,filtered_grasp,76,sphere,7,True,5.389010766521096e-06
grasp_76,filtered_grasp,76,sphere,8,True,5.384994437918067e-06
grasp_76,filtered_grasp,76,sphere,9,True,5.337002221494913e-06
grasp_77,filtered_grasp,77,sphere,0,True,5.349982529878616e-06
grasp_77,filtered_grasp,77,sphere,1,True,5.4209958761930466e-06
grasp_77,filtered_grasp,77,sphere,2,True,5.403999239206314e-06
grasp_77,filtered_grasp,77,sphere,3,True,5.335983587428927e-06
grasp_77,filtered_grasp,77,sphere,4,True,5.406007403507829e-06
grasp_77,filtered_grasp,77,sphere,5,True,5.398003850132227e-06
grasp_77,filtered_grasp,77,sphere,6,True,5.392997991293669e-06
grasp_77,filtered_grasp,77,sphere,7,True,5.357986083254218e-06
grasp_77,filtered_grasp,77,sphere,8,True,5.373993190005422e-06
grasp_77,filtered_grasp,77,sphere,9,True,5.373993190005422e-06
grasp_78,filtered_grasp,78,sphere,0,True,5.376990884542465e-06
grasp_78,filtered_grasp,78,sphere,1,True,5.3010007832199335e-06
grasp_78,filtered_grasp,78,sphere,2,True,5.406996933743358e-06
grasp_78,filtered_grasp,78,sphere,3,True,5.377980414777994e-06
grasp_78,filtered_grasp,78,sphere,4,True,5.442008841782808e-06
grasp_78,filtered_grasp,78,sphere,5,True,5.351001163944602e-06
grasp_78,filtered_grasp,78,sphere,6,True,5.359004717320204e-06
grasp_78,filtered_grasp,78,sphere,7,True,5.400972440838814e-06
grasp_78,filtered_grasp,78,sphere,8,True,5.342997610569e-06
grasp_78,filtered_grasp,78,sphere,9,True,5.3340045269578695e-06
grasp_79,filtered_grasp,79,sphere,0,True,5.342997610569e-06
grasp_79,filtered_grasp,79,sphere,1,True,5.397014319896698e-06
grasp_79,filtered_grasp,79,sphere,2,True,5.337991751730442e-06
grasp_79,filtered_grasp,79,sphere,3,True,5.378009518608451e-06
grasp_79,filtered_grasp,79,sphere,4,True,5.345005774870515e-06
grasp_79,filtered_grasp,79,sphere,5,True,5.356996553018689e-06
grasp_79,filtered_grasp,79,sphere,6,True,5.337002221494913e-06
grasp_79,filtered_grasp,79,sphere,7,True,5.409005098044872e-06
grasp_79,filtered_grasp,79,sphere,8,True,5.337002221494913e-06
grasp_79,filtered_grasp,79,sphere,9,True,5.377019988372922e-06
grasp_80,filtered_grasp,80,sphere,0,True,5.483016138896346e-06
grasp_80,filtered_grasp,80,sphere,1,True,5.343987140804529e-06
grasp_80,filtered_grasp,80,sphere,2,True,5.359004717320204e-06
grasp_80,filtered_grasp,80,sphere,3,True,5.378009518608451e-06
grasp_80,filtered_grasp,80,sphere,4,True,5.331006832420826e-06
grasp_80,filtered_grasp,80,sphere,5,True,5.359004717320204e-06
grasp_80,filtered_grasp,80,sphere,6,True,5.35298022441566e-06
grasp_80,filtered_grasp,80,sphere,7,True,5.359004717320204e-06
grasp_80,filtered_grasp,80,sphere,8,True,5.3670082706958055e-06
grasp_80,filtered_grasp,80,sphere,9,True,5.365000106394291e-06
grasp_81,filtered_grasp,81,sphere,0,True,5.309993866831064e-06
grasp_81,filtered_grasp,81,sphere,1,True,5.35298022441566e-06
grasp_81,filtered_grasp,81,sphere,2,True,5.378009518608451e-06
grasp_81,filtered_grasp,81,sphere,3,True,5.37899904884398e-06
grasp_81,filtered_grasp,81,sphere,4,True,5.32998819835484e-06
grasp_81,filtered_grasp,81,sphere,5,True,5.339010385796428e-06
grasp_81,filtered_grasp,81,sphere,6,True,5.300971679389477e-06
grasp_81,filtered_grasp,81,sphere,7,True,5.332985892891884e-06
grasp_81,filtered_grasp,81,sphere,8,True,5.291978595778346e-06
grasp_81,filtered_grasp,81,sphere,9,True,5.331996362656355e-06
grasp_82,filtered_grasp,82,sphere,0,True,5.319016054272652e-06
grasp_82,filtered_grasp,82,sphere,1,True,5.361012881621718e-06
grasp_82,filtered_grasp,82,sphere,2,True,5.342008080333471e-06
grasp_82,filtered_grasp,82,sphere,3,True,5.319016054272652e-06
grasp_82,filtered_grasp,82,sphere,4,True,6.1489990912377834e-06
grasp_82,filtered_grasp,82,sphere,5,True,5.349022103473544e-06
grasp_82,filtered_grasp,82,sphere,6,True,5.36598963662982e-06
grasp_82,filtered_grasp,82,sphere,7,True,5.412002792581916e-06
grasp_82,filtered_grasp,82,sphere,8,True,5.342997610569e-06
grasp_82,filtered_grasp,82,sphere,9,True,5.3470139391720295e-06
grasp_83,filtered_grasp,83,sphere,0,True,5.366979166865349e-06
grasp_83,filtered_grasp,83,sphere,1,True,5.379988579079509e-06
grasp_83,filtered_grasp,83,sphere,2,True,5.4209958761930466e-06
grasp_83,filtered_grasp,83,sphere,3,True,5.422014510259032e-06
grasp_83,filtered_grasp,83,sphere,4,True,5.3810072131454945e-06
grasp_83,filtered_grasp,83,sphere,5,True,5.383975803852081e-06
grasp_83,filtered_grasp,83,sphere,6,True,5.386013071984053e-06
grasp_83,filtered_grasp,83,sphere,7,True,5.484005669131875e-06
grasp_83,filtered_grasp,83,sphere,8,True,5.370005965232849e-06
grasp_83,filtered_grasp,83,sphere,9,True,5.476002115756273e-06
grasp_84,filtered_grasp,84,sphere,0,True,5.363981472328305e-06
grasp_84,filtered_grasp,84,sphere,1,True,6.44699321128428e-06
grasp_84,filtered_grasp,84,sphere,2,True,5.484995199367404e-06
grasp_84,filtered_grasp,84,sphere,3,True,5.346984835341573e-06
grasp_84,filtered_grasp,84,sphere,4,True,5.370995495468378e-06
grasp_84,filtered_grasp,84,sphere,5,True,5.392997991293669e-06
grasp_84,filtered_grasp,84,sphere,6,True,5.289999535307288e-06
grasp_84,filtered_grasp,84,sphere,7,True,5.332985892891884e-06
grasp_84,filtered_grasp,84,sphere,8,True,5.379988579079509e-06
grasp_84,filtered_grasp,84,sphere,9,True,5.327980034053326e-06
grasp_85,filtered_grasp,85,sphere,0,True,5.364010576158762e-06
grasp_85,filtered_grasp,85,sphere,1,True,5.343987140804529e-06
grasp_85,filtered_grasp,85,sphere,2,True,5.3480034694075584e-06
grasp_85,filtered_grasp,85,sphere,3,True,5.323992809280753e-06
grasp_85,filtered_grasp,85,sphere,4,True,5.341018550097942e-06
grasp_85,filtered_grasp,85,sphere,5,True,5.343987140804529e-06
grasp_85,filtered_grasp,85,sphere,6,True,5.286012310534716e-06
grasp_85,filtered_grasp,85,sphere,7,True,5.309993866831064e-06
grasp_85,filtered_grasp,85,sphere,8,True,5.3889816626906395e-06
grasp_85,filtered_grasp,85,sphere,9,True,5.304988007992506e-06
grasp_86,filtered_grasp,86,sphere,0,True,5.330977728590369e-06
grasp_86,filtered_grasp,86,sphere,1,True,5.309993866831064e-06
grasp_86,filtered_grasp,86,sphere,2,True,5.376001354306936e-06
grasp_86,filtered_grasp,86,sphere,3,True,7.98999099060893e-06
grasp_86,filtered_grasp,86,sphere,4,True,5.677982699126005e-06
grasp_86,filtered_grasp,86,sphere,5,True,5.305977538228035e-06
grasp_86,filtered_grasp,86,sphere,6,True,5.3010007832199335e-06
grasp_86,filtered_grasp,86,sphere,7,True,5.2800169214606285e-06
grasp_86,filtered_grasp,86,sphere,8,True,5.3000112529844046e-06
grasp_86,filtered_grasp,86,sphere,9,True,5.306996172294021e-06
grasp_87,filtered_grasp,87,sphere,0,True,5.339999916031957e-06
grasp_87,filtered_grasp,87,sphere,1,True,5.303998477756977e-06
grasp_87,filtered_grasp,87,sphere,2,True,5.262991180643439e-06
grasp_87,filtered_grasp,87,sphere,3,True,5.277979653328657e-06
grasp_87,filtered_grasp,87,sphere,4,True,5.2670075092464685e-06
grasp_87,filtered_grasp,87,sphere,5,True,5.327980034053326e-06
grasp_87,filtered_grasp,87,sphere,6,True,5.381996743381023e-06
grasp_87,filtered_grasp,87,sphere,7,True,5.30798570252955e-06
grasp_87,filtered_grasp,87,sphere,8,True,5.294015863910317e-06
grasp_87,filtered_grasp,87,sphere,9,True,5.25897485204041e-06
grasp_88,filtered_grasp,88,sphere,0,True,5.344016244634986e-06
grasp_88,filtered_grasp,88,sphere,1,True,5.3419789765030146e-06
grasp_88,filtered_grasp,88,sphere,2,True,5.353998858481646e-06
grasp_88,filtered_grasp,88,sphere,3,True,5.359004717320204e-06
grasp_88,filtered_grasp,88,sphere,4,True,5.3349940571933985e-06
grasp_88,filtered_grasp,88,sphere,5,True,5.305017111822963e-06
grasp_88,filtered_grasp,88,sphere,6,True,5.375011824071407e-06
grasp_88,filtered_grasp,88,sphere,7,True,6.032001692801714e-06
grasp_88,filtered_grasp,88,sphere,8,True,5.318986950442195e-06
grasp_88,filtered_grasp,88,sphere,9,True,5.339999916031957e-06
grasp_89,filtered_grasp,89,sphere,0,True,5.32998819835484e-06
grasp_89,filtered_grasp,89,sphere,1,True,5.2810064516961575e-06
grasp_89,filtered_grasp,89,sphere,2,True,5.2800169214606285e-06
grasp_89,filtered_grasp,89,sphere,3,True,5.3480034694075584e-06
grasp_89,filtered_grasp,89,sphere,4,True,5.292997229844332e-06
grasp_89,filtered_grasp,89,sphere,5,True,5.338020855560899e-06
grasp_89,filtered_grasp,89,sphere,6,True,5.295005394145846e-06
grasp_89,filtered_grasp,89,sphere,7,True,5.302019417285919e-06
grasp_89,filtered_grasp,89,sphere,8,True,5.343987140804529e-06
grasp_89,filtered_grasp,89,sphere,9,True,5.289010005071759e-06
grasp_90,filtered_grasp,90,sphere,0,True,5.351001163944602e-06
grasp_90,filtered_grasp,90,sphere,1,True,5.4130214266479015e-06
grasp_90,filtered_grasp,90,sphere,2,True,5.320005584508181e-06
grasp_90,filtered_grasp,90,sphere,3,True,5.405978299677372e-06
grasp_90,filtered_grasp,90,sphere,4,True,5.292007699608803e-06
grasp_90,filtered_grasp,90,sphere,5,True,5.272013368085027e-06
grasp_90,filtered_grasp,90,sphere,6,True,5.3140101954340935e-06
grasp_90,filtered_grasp,90,sphere,7,True,5.356996553018689e-06
grasp_90,filtered_grasp,90,sphere,8,True,5.292007699608803e-06
grasp_90,filtered_grasp,90,sphere,9,True,5.323003279045224e-06
grasp_91,filtered_grasp,91,sphere,0,True,5.289999535307288e-06
grasp_91,filtered_grasp,91,sphere,1,True,5.28499367646873e-06
grasp_91,filtered_grasp,91,sphere,2,True,5.287001840770245e-06
grasp_91,filtered_grasp,91,sphere,3,True,5.27198426425457e-06
grasp_91,filtered_grasp,91,sphere,4,True,5.26200165040791e-06
grasp_91,filtered_grasp,91,sphere,5,True,5.306006642058492e-06
grasp_91,filtered_grasp,91,sphere,6,True,5.307025276124477e-06
grasp_91,filtered_grasp,91,sphere,7,True,5.309993866831064e-06
grasp_91,filtered_grasp,91,sphere,8,True,5.395995685830712e-06
grasp_91,filtered_grasp,91,sphere,9,True,5.291018169373274e-06
grasp_92,filtered_grasp,92,sphere,0,True,5.289010005071759e-06
grasp_92,filtered_grasp,92,sphere,1,True,5.323003279045224e-06
grasp_92,filtered_grasp,92,sphere,2,True,5.287001840770245e-06
grasp_92,filtered_grasp,92,sphere,3,True,5.355017492547631e-06
grasp_92,filtered_grasp,92,sphere,4,True,5.289010005071759e-06
grasp_92,filtered_grasp,92,sphere,5,True,5.327980034053326e-06
grasp_92,filtered_grasp,92,sphere,6,True,5.31101250089705e-06
grasp_92,filtered_grasp,92,sphere,7,True,5.291978595778346e-06
grasp_92,filtered_grasp,92,sphere,8,True,5.309004336595535e-06
grasp_92,filtered_grasp,92,sphere,9,True,5.296984454616904e-06
grasp_93,filtered_grasp,93,sphere,0,True,5.3759722504764795e-06
grasp_93,filtered_grasp,93,sphere,1,True,5.340989446267486e-06
grasp_93,filtered_grasp,93,sphere,2,True,5.330017302185297e-06
grasp_93,filtered_grasp,93,sphere,3,True,5.305017111822963e-06
grasp_93,filtered_grasp,93,sphere,4,True,5.320005584508181e-06
grasp_93,filtered_grasp,93,sphere,5,True,5.270994734019041e-06
grasp_93,filtered_grasp,93,sphere,6,True,5.265988875180483e-06
grasp_93,filtered_grasp,93,sphere,7,True,5.291018169373274e-06
grasp_93,filtered_grasp,93,sphere,8,True,5.362991942092776e-06
grasp_93,filtered_grasp,93,sphere,9,True,5.317997420206666e-06
grasp_94,filtered_grasp,94,sphere,0,True,5.330017302185297e-06
grasp_94,filtered_grasp,94,sphere,1,True,5.316018359735608e-06
grasp_94,filtered_grasp,94,sphere,2,True,5.415990017354488e-06
grasp_94,filtered_grasp,94,sphere,3,True,5.459005478769541e-06
grasp_94,filtered_grasp,94,sphere,4,True,5.345005774870515e-06
grasp_94,filtered_grasp,94,sphere,5,True,5.350011633709073e-06
grasp_94,filtered_grasp,94,sphere,6,True,5.312991561368108e-06
grasp_94,filtered_grasp,94,sphere,7,True,5.287001840770245e-06
grasp_94,filtered_grasp,94,sphere,8,True,5.285983206704259e-06
grasp_94,filtered_grasp,94,sphere,9,True,5.306996172294021e-06
grasp_95,filtered_grasp,95,sphere,0,True,5.348992999643087e-06
grasp_95,filtered_grasp,95,sphere,1,True,6.705988198518753e-06
grasp_95,filtered_grasp,95,sphere,2,True,5.313981091603637e-06
grasp_95,filtered_grasp,95,sphere,3,True,5.312991561368108e-06
grasp_95,filtered_grasp,95,sphere,4,True,5.305017111822963e-06
grasp_95,filtered_grasp,95,sphere,5,True,5.328998668119311e-06
grasp_95,filtered_grasp,95,sphere,6,True,5.326000973582268e-06
grasp_95,filtered_grasp,95,sphere,7,True,5.3670082706958055e-06
grasp_95,filtered_grasp,95,sphere,8,True,5.26200165040791e-06
grasp_95,filtered_grasp,95,sphere,9,True,5.292997229844332e-06
grasp_96,filtered_grasp,96,sphere,0,True,5.328998668119311e-06
grasp_96,filtered_grasp,96,sphere,1,True,5.317997420206666e-06
grasp_96,filtered_grasp,96,sphere,2,True,5.336012691259384e-06
grasp_96,filtered_grasp,96,sphere,3,True,5.332985892891884e-06
grasp_96,filtered_grasp,96,sphere,4,True,5.357986083254218e-06
grasp_96,filtered_grasp,96,sphere,5,True,5.386973498389125e-06
grasp_96,filtered_grasp,96,sphere,6,True,5.312002031132579e-06
grasp_96,filtered_grasp,96,sphere,7,True,5.389010766521096e-06
grasp_96,filtered_grasp,96,sphere,8,True,5.293986760079861e-06
grasp_96,filtered_grasp,96,sphere,9,True,5.398993380367756e-06
grasp_97,filtered_grasp,97,sphere,0,True,5.359994247555733e-06
grasp_97,filtered_grasp,97,sphere,1,True,5.295994924381375e-06
grasp_97,filtered_grasp,97,sphere,2,True,5.290989065542817e-06
grasp_97,filtered_grasp,97,sphere,3,True,5.282985512167215e-06
grasp_97,filtered_grasp,97,sphere,4,True,5.3140101954340935e-06
grasp_97,filtered_grasp,97,sphere,5,True,5.297013558447361e-06
grasp_97,filtered_grasp,97,sphere,6,True,5.269015673547983e-06
grasp_97,filtered_grasp,97,sphere,7,True,5.2670075092464685e-06
grasp_97,filtered_grasp,97,sphere,8,True,5.26200165040791e-06
grasp_97,filtered_grasp,97,sphere,9,True,5.256006261333823e-06
grasp_98,filtered_grasp,98,sphere,0,True,5.283975042402744e-06
grasp_98,filtered_grasp,98,sphere,1,True,5.276000592857599e-06
grasp_98,filtered_grasp,98,sphere,2,True,5.287001840770245e-06
grasp_98,filtered_grasp,98,sphere,3,True,5.312002031132579e-06
grasp_98,filtered_grasp,98,sphere,4,True,5.326000973582268e-06
grasp_98,filtered_grasp,98,sphere,5,True,5.29497629031539e-06
grasp_98,filtered_grasp,98,sphere,6,True,5.3219846449792385e-06
grasp_98,filtered_grasp,98,sphere,7,True,5.259003955870867e-06
grasp_98,filtered_grasp,98,sphere,8,True,5.30798570252955e-06
grasp_98,filtered_grasp,98,sphere,9,True,5.3679978009313345e-06
grasp_99,filtered_grasp,99,sphere,0,True,5.337991751730442e-06
grasp_99,filtered_grasp,99,sphere,1,True,5.303008947521448e-06
grasp_99,filtered_grasp,99,sphere,2,True,5.317997420206666e-06
grasp_99,filtered_grasp,99,sphere,3,True,5.328998668119311e-06
grasp_99,filtered_grasp,99,sphere,4,True,5.3679978009313345e-06
grasp_99,filtered_grasp,99,sphere,5,True,5.32998819835484e-06
grasp_99,filtered_grasp,99,sphere,6,True,5.313981091603637e-06
grasp_99,filtered_grasp,99,sphere,7,True,5.2879913710057735e-06
grasp_99,filtered_grasp,99,sphere,8,True,5.312002031132579e-06
grasp_99,filtered_grasp,99,sphere,9,True,5.366979166865349e-06
grasp_100,filtered_grasp,100,sphere,0,True,5.292997229844332e-06
grasp_100,filtered_grasp,100,sphere,1,True,5.328998668119311e-06
grasp_100,filtered_grasp,100,sphere,2,True,5.315989255905151e-06
grasp_100,filtered_grasp,100,sphere,3,True,5.318986950442195e-06
grasp_100,filtered_grasp,100,sphere,4,True,5.335023161023855e-06
grasp_100,filtered_grasp,100,sphere,5,True,5.276990123093128e-06
grasp_100,filtered_grasp,100,sphere,6,True,5.296984454616904e-06
grasp_100,filtered_grasp,100,sphere,7,True,5.37899904884398e-06
grasp_100,filtered_grasp,100,sphere,8,True,5.3089752327650785e-06
grasp_100,filtered_grasp,100,sphere,9,True,5.309004336595535e-06
grasp_101,filtered_grasp,101,sphere,0,True,5.2549876272678375e-06
grasp_101,filtered_grasp,101,sphere,1,True,5.283014615997672e-06
grasp_101,filtered_grasp,101,sphere,2,True,5.290989065542817e-06
grasp_101,filtered_grasp,101,sphere,3,True,1.0296003893017769e-05
grasp_101,filtered_grasp,101,sphere,4,True,5.571986548602581e-06
grasp_101,filtered_grasp,101,sphere,5,True,5.546986358240247e-06
grasp_101,filtered_grasp,101,sphere,6,True,5.323003279045224e-06
grasp_101,filtered_grasp,101,sphere,7,True,5.356996553018689e-06
grasp_101,filtered_grasp,101,sphere,8,True,5.379988579079509e-06
grasp_101,filtered_grasp,101,sphere,9,True,5.339999916031957e-06
grasp_102,filtered_grasp,102,sphere,0,True,5.323003279045224e-06
grasp_102,filtered_grasp,102,sphere,1,True,5.326000973582268e-06
grasp_102,filtered_grasp,102,sphere,2,True,5.397014319896698e-06
grasp_102,filtered_grasp,102,sphere,3,True,5.390000296756625e-06
grasp_102,filtered_grasp,102,sphere,4,True,5.325011443346739e-06
grasp_102,filtered_grasp,102,sphere,5,True,5.3679978009313345e-06
grasp_102,filtered_grasp,102,sphere,6,True,5.3209951147437096e-06
grasp_102,filtered_grasp,102,sphere,7,True,5.278998287394643e-06
grasp_102,filtered_grasp,102,sphere,8,True,5.293986760079861e-06
grasp_102,filtered_grasp,102,sphere,9,True,5.319016054272652e-06
grasp_103,filtered_grasp,103,sphere,0,True,5.305977538228035e-06
grasp_103,filtered_grasp,103,sphere,1,True,5.331006832420826e-06
grasp_103,filtered_grasp,103,sphere,2,True,5.314999725669622e-06
grasp_103,filtered_grasp,103,sphere,3,True,5.384004907682538e-06
grasp_103,filtered_grasp,103,sphere,4,True,5.331996362656355e-06
grasp_103,filtered_grasp,103,sphere,5,True,5.3270196076482534e-06
grasp_103,filtered_grasp,103,sphere,6,True,5.462003173306584e-06
grasp_103,filtered_grasp,103,sphere,7,True,5.327980034053326e-06
grasp_103,filtered_grasp,103,sphere,8,True,5.313981091603637e-06
grasp_103,filtered_grasp,103,sphere,9,True,5.331996362656355e-06
grasp_104,filtered_grasp,104,sphere,0,True,5.286012310534716e-06
grasp_104,filtered_grasp,104,sphere,1,True,5.289999535307288e-06
grasp_104,filtered_grasp,104,sphere,2,True,5.3130206651985645e-06
grasp_104,filtered_grasp,104,sphere,3,True,5.274981958791614e-06
grasp_104,filtered_grasp,104,sphere,4,True,5.338981281965971e-06
grasp_104,filtered_grasp,104,sphere,5,True,5.26601797901094e-06
grasp_104,filtered_grasp,104,sphere,6,True,5.287001840770245e-06
grasp_104,filtered_grasp,104,sphere,7,True,5.299982149153948e-06
grasp_104,filtered_grasp,104,sphere,8,True,5.259003955870867e-06
grasp_104,filtered_grasp,104,sphere,9,True,5.4019910749047995e-06
grasp_105,filtered_grasp,105,sphere,0,True,5.403999239206314e-06
grasp_105,filtered_grasp,105,sphere,1,True,5.345995305106044e-06
grasp_105,filtered_grasp,105,sphere,2,True,5.312991561368108e-06
grasp_105,filtered_grasp,105,sphere,3,True,5.320005584508181e-06
grasp_105,filtered_grasp,105,sphere,4,True,5.328998668119311e-06
grasp_105,filtered_grasp,105,sphere,5,True,5.328009137883782e-06
grasp_105,filtered_grasp,105,sphere,6,True,5.3340045269578695e-06
grasp_105,filtered_grasp,105,sphere,7,True,5.315989255905151e-06
grasp_105,filtered_grasp,105,sphere,8,True,5.345005774870515e-06
grasp_105,filtered_grasp,105,sphere,9,True,5.303998477756977e-06
grasp_106,filtered_grasp,106,sphere,0,True,5.28802047483623e-06
grasp_106,filtered_grasp,106,sphere,1,True,5.333014996722341e-06
grasp_106,filtered_grasp,106,sphere,2,True,5.331006832420826e-06
grasp_106,filtered_grasp,106,sphere,3,True,5.325011443346739e-06
grasp_106,filtered_grasp,106,sphere,4,True,5.345005774870515e-06
grasp_106,filtered_grasp,106,sphere,5,True,5.27198426425457e-06
grasp_106,filtered_grasp,106,sphere,6,True,5.328998668119311e-06
grasp_106,filtered_grasp,106,sphere,7,True,5.344976671040058e-06
grasp_106,filtered_grasp,106,sphere,8,True,5.309004336595535e-06
grasp_106,filtered_grasp,106,sphere,9,True,5.287001840770245e-06
grasp_107,filtered_grasp,107,sphere,0,True,5.3140101954340935e-06
grasp_107,filtered_grasp,107,sphere,1,True,5.28802047483623e-06
grasp_107,filtered_grasp,107,sphere,2,True,5.3340045269578695e-06
grasp_107,filtered_grasp,107,sphere,3,True,5.320005584508181e-06
grasp_107,filtered_grasp,107,sphere,4,True,5.332985892891884e-06
grasp_107,filtered_grasp,107,sphere,5,True,5.303008947521448e-06
grasp_107,filtered_grasp,107,sphere,6,True,5.321024218574166e-06
grasp_107,filtered_grasp,107,sphere,7,True,5.3219846449792385e-06
grasp_107,filtered_grasp,107,sphere,8,True,5.3340045269578695e-06
grasp_107,filtered_grasp,107,sphere,9,True,6.137008313089609e-06
grasp_108,filtered_grasp,108,sphere,0,True,5.3419789765030146e-06
grasp_108,filtered_grasp,108,sphere,1,True,5.418987711891532e-06
grasp_108,filtered_grasp,108,sphere,2,True,5.341018550097942e-06
grasp_108,filtered_grasp,108,sphere,3,True,5.351001163944602e-06
grasp_108,filtered_grasp,108,sphere,4,True,5.32402191311121e-06
grasp_108,filtered_grasp,108,sphere,5,True,5.317007889971137e-06
grasp_108,filtered_grasp,108,sphere,6,True,5.306996172294021e-06
grasp_108,filtered_grasp,108,sphere,7,True,5.353009328246117e-06
grasp_108,filtered_grasp,108,sphere,8,True,5.270005203783512e-06
grasp_108,filtered_grasp,108,sphere,9,True,5.306996172294021e-06
grasp_109,filtered_grasp,109,sphere,0,True,5.365000106394291e-06
grasp_109,filtered_grasp,109,sphere,1,True,5.370005965232849e-06
grasp_109,filtered_grasp,109,sphere,2,True,5.36598963662982e-06
grasp_109,filtered_grasp,109,sphere,3,True,5.297013558447361e-06
grasp_109,filtered_grasp,109,sphere,4,True,5.3010007832199335e-06
grasp_109,filtered_grasp,109,sphere,5,True,5.3349940571933985e-06
grasp_109,filtered_grasp,109,sphere,6,True,5.3340045269578695e-06
grasp_109,filtered_grasp,109,sphere,7,True,5.323003279045224e-06
grasp_109,filtered_grasp,109,sphere,8,True,5.303008947521448e-06
grasp_109,filtered_grasp,109,sphere,9,True,5.346984835341573e-06
grasp_110,filtered_grasp,110,sphere,0,True,5.31101250089705e-06
grasp_110,filtered_grasp,110,sphere,1,True,5.319976480677724e-06
grasp_110,filtered_grasp,110,sphere,2,True,5.332985892891884e-06
grasp_110,filtered_grasp,110,sphere,3,True,5.328998668119311e-06
grasp_110,filtered_grasp,110,sphere,4,True,5.306006642058492e-06
grasp_110,filtered_grasp,110,sphere,5,True,5.342008080333471e-06
grasp_110,filtered_grasp,110,sphere,6,True,5.35600702278316e-06
grasp_110,filtered_grasp,110,sphere,7,True,5.306996172294021e-06
grasp_110,filtered_grasp,110,sphere,8,True,5.312002031132579e-06
grasp_110,filtered_grasp,110,sphere,9,True,5.331006832420826e-06
grasp_111,filtered_grasp,111,sphere,0,True,5.36598963662982e-06
grasp_111,filtered_grasp,111,sphere,1,True,5.292007699608803e-06
grasp_111,filtered_grasp,111,sphere,2,True,5.32402191311121e-06
grasp_111,filtered_grasp,111,sphere,3,True,5.29800308868289e-06
grasp_111,filtered_grasp,111,sphere,4,True,5.328998668119311e-06
grasp_111,filtered_grasp,111,sphere,5,True,5.344976671040058e-06
grasp_111,filtered_grasp,111,sphere,6,True,5.2679970394819975e-06
grasp_111,filtered_grasp,111,sphere,7,True,5.295005394145846e-06
grasp_111,filtered_grasp,111,sphere,8,True,5.279987817630172e-06
grasp_111,filtered_grasp,111,sphere,9,True,5.26200165040791e-06
grasp_112,filtered_grasp,112,sphere,0,True,5.285022780299187e-06
grasp_112,filtered_grasp,112,sphere,1,True,5.286012310534716e-06
grasp_112,filtered_grasp,112,sphere,2,True,5.246984073892236e-06
grasp_112,filtered_grasp,112,sphere,3,True,5.264999344944954e-06
grasp_112,filtered_grasp,112,sphere,4,True,5.27198426425457e-06
grasp_112,filtered_grasp,112,sphere,5,True,5.259003955870867e-06
grasp_112,filtered_grasp,112,sphere,6,True,5.285983206704259e-06
grasp_112,filtered_grasp,112,sphere,7,True,5.283975042402744e-06
grasp_112,filtered_grasp,112,sphere,8,True,5.3340045269578695e-06
grasp_112,filtered_grasp,112,sphere,9,True,5.287001840770245e-06
home,named_config,,mesh,0,True,0.324361990991747
home,named_config,,mesh,1,True,0.3243570069898851
home,named_config,,mesh,2,True,0.3244932949892245
home,named_config,,mesh,3,True,0.32455159700475633
home,named_config,,mesh,4,True,0.3246263859909959
home,named_config,,mesh,5,True,0.32447528300690465
home,named_config,,mesh,6,True,0.32431835200986825
home,named_config,,mesh,7,True,0.32454287097789347
home,named_config,,mesh,8,True,0.3330930309894029
home,named_config,,mesh,9,True,0.3329851210000925
grasp_0,filtered_grasp,0,mesh,0,True,3.530297544784844e-05
grasp_0,filtered_grasp,0,mesh,1,True,3.496900899335742e-05
grasp_0,filtered_grasp,0,mesh,2,True,3.487302456051111e-05
grasp_0,filtered_grasp,0,mesh,3,True,3.5214005038142204e-05
grasp_0,filtered_grasp,0,mesh,4,True,3.5200006095692515e-05
grasp_0,filtered_grasp,0,mesh,5,True,3.503100015223026e-05
grasp_0,filtered_grasp,0,mesh,6,True,3.50019836332649e-05
grasp_0,filtered_grasp,0,mesh,7,True,3.4985016100108624e-05
grasp_0,filtered_grasp,0,mesh,8,True,3.4864002373069525e-05
grasp_0,filtered_grasp,0,mesh,9,True,3.4751021303236485e-05
grasp_1,filtered_grasp,1,mesh,0,True,3.4953991416841745e-05
grasp_1,filtered_grasp,1,mesh,1,True,3.491100505925715e-05
grasp_1,filtered_grasp,1,mesh,2,True,3.499299054965377e-05
grasp_1,filtered_grasp,1,mesh,3,True,3.4805008908733726e-05
grasp_1,filtered_grasp,1,mesh,4,True,3.4738011891022325e-05
grasp_1,filtered_grasp,1,mesh,5,True,3.497500438243151e-05
grasp_1,filtered_grasp,1,mesh,6,True,3.463600296527147e-05
grasp_1,filtered_grasp,1,mesh,7,True,3.461100277490914e-05
grasp_1,filtered_grasp,1,mesh,8,True,3.7635996704921126e-05
grasp_1,filtered_grasp,1,mesh,9,True,3.5249016946181655e-05
grasp_2,filtered_grasp,2,mesh,0,True,3.5199016565456986e-05
grasp_2,filtered_grasp,2,mesh,1,True,3.528798697516322e-05
grasp_2,filtered_grasp,2,mesh,2,True,3.5182019928470254e-05
grasp_2,filtered_grasp,2,mesh,3,True,3.528301022015512e-05
grasp_2,filtered_grasp,2,mesh,4,True,3.525600186549127e-05
grasp_2,filtered_grasp,2,mesh,5,True,3.5070988815277815e-05
grasp_2,filtered_grasp,2,mesh,6,True,3.6501005524769425e-05
grasp_2,filtered_grasp,2,mesh,7,True,3.515699063427746e-05
grasp_2,filtered_grasp,2,mesh,8,True,3.4944008802995086e-05
grasp_2,filtered_grasp,2,mesh,9,True,3.483900218270719e-05
grasp_3,filtered_grasp,3,mesh,0,True,3.4684984711930156e-05
grasp_3,filtered_grasp,3,mesh,1,True,3.4689001040533185e-05
grasp_3,filtered_grasp,3,mesh,2,True,3.466798807494342e-05
grasp_3,filtered_grasp,3,mesh,3,True,3.4558994229882956e-05
grasp_3,filtered_grasp,3,mesh,4,True,3.469499642960727e-05
grasp_3,filtered_grasp,3,mesh,5,True,3.692699829116464e-05
grasp_3,filtered_grasp,3,mesh,6,True,3.46879824064672e-05
grasp_3,filtered_grasp,3,mesh,7,True,3.4702010452747345e-05
grasp_3,filtered_grasp,3,mesh,8,True,3.470099181868136e-05
grasp_3,filtered_grasp,3,mesh,9,True,3.466301131993532e-05
grasp_4,filtered_grasp,4,mesh,0,True,0.00015119198360480368
grasp_4,filtered_grasp,4,mesh,1,True,0.000149911007611081
grasp_4,filtered_grasp,4,mesh,2,True,0.00014896399807184935
grasp_4,filtered_grasp,4,mesh,3,True,0.00014979200204834342
grasp_4,filtered_grasp,4,mesh,4,True,0.00015166800585575402
grasp_4,filtered_grasp,4,mesh,5,True,0.00015074200928211212
grasp_4,filtered_grasp,4,mesh,6,True,0.00015013199299573898
grasp_4,filtered_grasp,4,mesh,7,True,0.0001501950027886778
grasp_4,filtered_grasp,4,mesh,8,True,0.0001501510269008577
grasp_4,filtered_grasp,4,mesh,9,True,0.00015008999616838992
grasp_5,filtered_grasp,5,mesh,0,True,3.5380973713472486e-05
grasp_5,filtered_grasp,5,mesh,1,True,3.487500362098217e-05
grasp_5,filtered_grasp,5,mesh,2,True,3.499299054965377e-05
grasp_5,filtered_grasp,5,mesh,3,True,3.4948025131598115e-05
grasp_5,filtered_grasp,5,mesh,4,True,3.6904995795339346e-05
grasp_5,filtered_grasp,5,mesh,5,True,3.5501987440511584e-05
grasp_5,filtered_grasp,5,mesh,6,True,3.543499042280018e-05
grasp_5,filtered_grasp,5,mesh,7,True,3.5384000511839986e-05
grasp_5,filtered_grasp,5,mesh,8,True,3.533400013111532e-05
grasp_5,filtered_grasp,5,mesh,9,True,3.5197997931391e-05
grasp_6,filtered_grasp,6,mesh,0,True,0.037553593021584675
grasp_6,filtered_grasp,6,mesh,1,True,0.037422117980895564
grasp_6,filtered_grasp,6,mesh,2,True,0.036950413981685415
grasp_6,filtered_grasp,6,mesh,3,True,0.03707167398533784
grasp_6,filtered_grasp,6,mesh,4,True,0.036664853018010035
grasp_6,filtered_grasp,6,mesh,5,True,0.03746709899860434
grasp_6,filtered_grasp,6,mesh,6,True,0.03781675099162385
grasp_6,filtered_grasp,6,mesh,7,True,0.038076435012044385
grasp_6,filtered_grasp,6,mesh,8,True,0.03731886899913661
grasp_6,filtered_grasp,6,mesh,9,True,0.03699676101678051
grasp_7,filtered_grasp,7,mesh,0,True,7.25940044503659e-05
grasp_7,filtered_grasp,7,mesh,1,True,7.228099275380373e-05
grasp_7,filtered_grasp,7,mesh,2,True,7.1962975198403e-05
grasp_7,filtered_grasp,7,mesh,3,True,7.17270013410598e-05
grasp_7,filtered_grasp,7,mesh,4,True,7.160700624808669e-05
grasp_7,filtered_grasp,7,mesh,5,True,7.123901741579175e-05
grasp_7,filtered_grasp,7,mesh,6,True,7.440298213623464e-05
grasp_7,filtered_grasp,7,mesh,7,True,7.171998731791973e-05
grasp_7,filtered_grasp,7,mesh,8,True,7.144399569369853e-05
grasp_7,filtered_grasp,7,mesh,9,True,7.169399759732187e-05
grasp_8,filtered_grasp,8,mesh,0,True,5.630997475236654e-05
grasp_8,filtered_grasp,8,mesh,1,True,5.61299966648221e-05
grasp_8,filtered_grasp,8,mesh,2,True,5.584399332292378e-05
grasp_8,filtered_grasp,8,mesh,3,True,5.560298450291157e-05
grasp_8,filtered_grasp,8,mesh,4,True,5.5577984312549233e-05
grasp_8,filtered_grasp,8,mesh,5,True,5.547099863179028e-05
grasp_8,filtered_grasp,8,mesh,6,True,5.537501419894397e-05
grasp_8,filtered_grasp,8,mesh,7,True,5.53170102648437e-05
grasp_8,filtered_grasp,8,mesh,8,True,5.537501419894397e-05
grasp_8,filtered_grasp,8,mesh,9,True,5.5262993555516005e-05
grasp_9,filtered_grasp,9,mesh,0,True,3.517500590533018e-05
grasp_9,filtered_grasp,9,mesh,1,True,3.496097633615136e-05
grasp_9,filtered_grasp,9,mesh,2,True,3.484898479655385e-05
grasp_9,filtered_grasp,9,mesh,3,True,3.4702999982982874e-05
grasp_9,filtered_grasp,9,mesh,4,True,3.469499642960727e-05
grasp_9,filtered_grasp,9,mesh,5,True,3.549800021573901e-05
grasp_9,filtered_grasp,9,mesh,6,True,3.48710163962096e-05
grasp_9,filtered_grasp,9,mesh,7,True,3.479100996628404e-05
grasp_9,filtered_grasp,9,mesh,8,True,3.4742988646030426e-05
grasp_9,filtered_grasp,9,mesh,9,True,3.621701034717262e-05
grasp_10,filtered_grasp,10,mesh,0,True,0.3964550259988755
grasp_10,filtered_grasp,10,mesh,1,True,0.3907856029982213
grasp_10,filtered_grasp,10,mesh,2,True,0.3872692000004463
grasp_10,filtered_grasp,10,mesh,3,True,0.38481901900377125
grasp_10,filtered_grasp,10,mesh,4,True,0.38237791499705054
grasp_10,filtered_grasp,10,mesh,5,True,0.3857727220165543
grasp_10,filtered_grasp,10,mesh,6,True,0.3829418240056839
grasp_10,filtered_grasp,10,mesh,7,True,0.38574566500028595
grasp_10,filtered_grasp,10,mesh,8,True,0.37997257499955595
grasp_10,filtered_grasp,10,mesh,9,True,0.3804495669901371
grasp_11,filtered_grasp,11,mesh,0,True,3.580399788916111e-05
grasp_11,filtered_grasp,11,mesh,1,True,3.5563018172979355e-05
grasp_11,filtered_grasp,11,mesh,2,True,3.537698648869991e-05
grasp_11,filtered_grasp,11,mesh,3,True,3.830800415016711e-05
grasp_11,filtered_grasp,11,mesh,4,True,3.6013982025906444e-05
grasp_11,filtered_grasp,11,mesh,5,True,3.5841017961502075e-05
grasp_11,filtered_grasp,11,mesh,6,True,3.5828008549287915e-05
grasp_11,filtered_grasp,11,mesh,7,True,3.5909004509449005e-05
grasp_11,filtered_grasp,11,mesh,8,True,3.587501123547554e-05
grasp_11,filtered_grasp,11,mesh,9,True,3.591601853258908e-05
grasp_12,filtered_grasp,12,mesh,0,True,3.5806006053462625e-05
grasp_12,filtered_grasp,12,mesh,1,True,3.610202111303806e-05
grasp_12,filtered_grasp,12,mesh,2,True,3.617099719122052e-05
grasp_12,filtered_grasp,12,mesh,3,True,3.611898864619434e-05
grasp_12,filtered_grasp,12,mesh,4,True,3.5990989999845624e-05
grasp_12,filtered_grasp,12,mesh,5,True,3.602998913265765e-05
grasp_12,filtered_grasp,12,mesh,6,True,3.6034994991496205e-05
grasp_12,filtered_grasp,12,mesh,7,True,3.58849938493222e-05
grasp_12,filtered_grasp,12,mesh,8,True,3.594800364226103e-05
grasp_12,filtered_grasp,12,mesh,9,True,3.597899922169745e-05
grasp_13,filtered_grasp,13,mesh,0,True,0.04393440199783072
grasp_13,filtered_grasp,13,mesh,1,True,0.043492600991157815
grasp_13,filtered_grasp,13,mesh,2,True,0.0436063350061886
grasp_13,filtered_grasp,13,mesh,3,True,0.04373286399641074
grasp_13,filtered_grasp,13,mesh,4,True,0.04481255597784184
grasp_13,filtered_grasp,13,mesh,5,True,0.04434496202156879
grasp_13,filtered_grasp,13,mesh,6,True,0.0466466810030397
grasp_13,filtered_grasp,13,mesh,7,True,0.046311386016895995
grasp_13,filtered_grasp,13,mesh,8,True,0.04575674998341128
grasp_13,filtered_grasp,13,mesh,9,True,0.04424962098710239
grasp_14,filtered_grasp,14,mesh,0,True,3.908202052116394e-05
grasp_14,filtered_grasp,14,mesh,1,True,3.87699983548373e-05
grasp_14,filtered_grasp,14,mesh,2,True,3.863099846057594e-05
grasp_14,filtered_grasp,14,mesh,3,True,3.8664002204313874e-05
grasp_14,filtered_grasp,14,mesh,4,True,3.850599750876427e-05
grasp_14,filtered_grasp,14,mesh,5,True,3.8224010495468974e-05
grasp_14,filtered_grasp,14,mesh,6,True,3.8219994166865945e-05
grasp_14,filtered_grasp,14,mesh,7,True,3.8197991671040654e-05
grasp_14,filtered_grasp,14,mesh,8,True,3.840099088847637e-05
grasp_14,filtered_grasp,14,mesh,9,True,3.8205995224416256e-05
grasp_15,filtered_grasp,15,mesh,0,True,3.418800770305097e-05
grasp_15,filtered_grasp,15,mesh,1,True,3.414598177187145e-05
grasp_15,filtered_grasp,15,mesh,2,True,3.41380073223263e-05
grasp_15,filtered_grasp,15,mesh,3,True,3.406102769076824e-05
grasp_15,filtered_grasp,15,mesh,4,True,3.408599877730012e-05
grasp_15,filtered_grasp,15,mesh,5,True,3.41809936799109e-05
grasp_15,filtered_grasp,15,mesh,6,True,3.4163997042924166e-05
grasp_15,filtered_grasp,15,mesh,7,True,3.4105003578588367e-05
grasp_15,filtered_grasp,15,mesh,8,True,3.405701136216521e-05
grasp_15,filtered_grasp,15,mesh,9,True,3.4272001357749104e-05
grasp_16,filtered_grasp,16,mesh,0,True,0.274448325013509
grasp_16,filtered_grasp,16,mesh,1,True,0.27389948201016523
grasp_16,filtered_grasp,16,mesh,2,True,0.2690437859855592
grasp_16,filtered_grasp,16,mesh,3,True,0.2721114300074987
grasp_16,filtered_grasp,16,mesh,4,True,0.2793353149900213
grasp_16,filtered_grasp,16,mesh,5,True,0.2710864719992969
grasp_16,filtered_grasp,16,mesh,6,True,0.2742027789936401
grasp_16,filtered_grasp,16,mesh,7,True,0.27369531700969674
grasp_16,filtered_grasp,16,mesh,8,True,0.27357636601664126
grasp_16,filtered_grasp,16,mesh,9,True,0.2707377440237906
grasp_17,filtered_grasp,17,mesh,0,True,3.499598824419081e-05
grasp_17,filtered_grasp,17,mesh,1,True,3.48679895978421e-05
grasp_17,filtered_grasp,17,mesh,2,True,3.4860975574702024e-05
grasp_17,filtered_grasp,17,mesh,3,True,3.488300717435777e-05
grasp_17,filtered_grasp,17,mesh,4,True,3.5118020605295897e-05
grasp_17,filtered_grasp,17,mesh,5,True,3.481301246210933e-05
grasp_17,filtered_grasp,17,mesh,6,True,3.4851982491090894e-05
grasp_17,filtered_grasp,17,mesh,7,True,3.477800055406988e-05
grasp_17,filtered_grasp,17,mesh,8,True,3.4913013223558664e-05
grasp_17,filtered_grasp,17,mesh,9,True,3.4733995562419295e-05
grasp_18,filtered_grasp,18,mesh,0,True,0.00047261000145226717
grasp_18,filtered_grasp,18,mesh,1,True,0.0004674360097851604
grasp_18,filtered_grasp,18,mesh,2,True,0.0004705539904534817
grasp_18,filtered_grasp,18,mesh,3,True,0.0004690609930548817
grasp_18,filtered_grasp,18,mesh,4,True,0.00046799000119790435
grasp_18,filtered_grasp,18,mesh,5,True,0.000465121993329376
grasp_18,filtered_grasp,18,mesh,6,True,0.0004683900042437017
grasp_18,filtered_grasp,18,mesh,7,True,0.00046668198774568737
grasp_18,filtered_grasp,18,mesh,8,True,0.0004630309995263815
grasp_18,filtered_grasp,18,mesh,9,True,0.0004672640061471611
grasp_19,filtered_grasp,19,mesh,0,True,3.533298149704933e-05
grasp_19,filtered_grasp,19,mesh,1,True,3.520201425999403e-05
grasp_19,filtered_grasp,19,mesh,2,True,3.527800436131656e-05
grasp_19,filtered_grasp,19,mesh,3,True,3.528498928062618e-05
grasp_19,filtered_grasp,19,mesh,4,True,3.532602568157017e-05
grasp_19,filtered_grasp,19,mesh,5,True,3.518399898894131e-05
grasp_19,filtered_grasp,19,mesh,6,True,3.484799526631832e-05
grasp_19,filtered_grasp,19,mesh,7,True,3.480300074443221e-05
grasp_19,filtered_grasp,19,mesh,8,True,3.47580062225461e-05
grasp_19,filtered_grasp,19,mesh,9,True,3.473600372672081e-05
grasp_20,filtered_grasp,20,mesh,0,True,0.05857757100602612
grasp_20,filtered_grasp,20,mesh,1,True,0.0588974799902644
grasp_20,filtered_grasp,20,mesh,2,True,0.05851155301206745
grasp_20,filtered_grasp,20,mesh,3,True,0.05858493398409337
grasp_20,filtered_grasp,20,mesh,4,True,0.05833049098146148
grasp_20,filtered_grasp,20,mesh,5,True,0.05874158500228077
grasp_20,filtered_grasp,20,mesh,6,True,0.06041492900112644
grasp_20,filtered_grasp,20,mesh,7,True,0.06083536599180661
grasp_20,filtered_grasp,20,mesh,8,True,0.06195248299627565
grasp_20,filtered_grasp,20,mesh,9,True,0.06004515400854871
grasp_21,filtered_grasp,21,mesh,0,True,3.5743985790759325e-05
grasp_21,filtered_grasp,21,mesh,1,True,3.576299059204757e-05
grasp_21,filtered_grasp,21,mesh,2,True,3.571499837562442e-05
grasp_21,filtered_grasp,21,mesh,3,True,3.5645003663375974e-05
grasp_21,filtered_grasp,21,mesh,4,True,3.592501161620021e-05
grasp_21,filtered_grasp,21,mesh,5,True,3.5748002119362354e-05
grasp_21,filtered_grasp,21,mesh,6,True,3.5756995202973485e-05
grasp_21,filtered_grasp,21,mesh,7,True,3.569197724573314e-05
grasp_21,filtered_grasp,21,mesh,8,True,3.560099867172539e-05
grasp_21,filtered_grasp,21,mesh,9,True,3.5689998185262084e-05
grasp_22,filtered_grasp,22,mesh,0,True,3.507899236865342e-05
grasp_22,filtered_grasp,22,mesh,1,True,3.4747004974633455e-05
grasp_22,filtered_grasp,22,mesh,2,True,3.48120229318738e-05
grasp_22,filtered_grasp,22,mesh,3,True,3.473198739811778e-05
grasp_22,filtered_grasp,22,mesh,4,True,3.484298940747976e-05
grasp_22,filtered_grasp,22,mesh,5,True,3.487500362098217e-05
grasp_22,filtered_grasp,22,mesh,6,True,3.5801000194624066e-05
grasp_22,filtered_grasp,22,mesh,7,True,3.483999171294272e-05
grasp_22,filtered_grasp,22,mesh,8,True,3.488798392936587e-05
grasp_22,filtered_grasp,22,mesh,9,True,3.489298978820443e-05
grasp_23,filtered_grasp,23,mesh,0,True,3.466001362539828e-05
grasp_23,filtered_grasp,23,mesh,1,True,3.463600296527147e-05
grasp_23,filtered_grasp,23,mesh,2,True,3.4666998544707894e-05
grasp_23,filtered_grasp,23,mesh,3,True,3.4617987694218755e-05
grasp_23,filtered_grasp,23,mesh,4,True,3.4698983654379845e-05
grasp_23,filtered_grasp,23,mesh,5,True,3.463399480096996e-05
grasp_23,filtered_grasp,23,mesh,6,True,3.4671014873310924e-05
grasp_23,filtered_grasp,23,mesh,7,True,3.4671014873310924e-05
grasp_23,filtered_grasp,23,mesh,8,True,3.599599585868418e-05
grasp_23,filtered_grasp,23,mesh,9,True,3.466400085017085e-05
grasp_24,filtered_grasp,24,mesh,0,True,3.4886994399130344e-05
grasp_24,filtered_grasp,24,mesh,1,True,3.487401409074664e-05
grasp_24,filtered_grasp,24,mesh,2,True,3.479799488559365e-05
grasp_24,filtered_grasp,24,mesh,3,True,3.474997356534004e-05
grasp_24,filtered_grasp,24,mesh,4,True,3.4711993066594005e-05
grasp_24,filtered_grasp,24,mesh,5,True,3.4751021303236485e-05
grasp_24,filtered_grasp,24,mesh,6,True,3.475099219940603e-05
grasp_24,filtered_grasp,24,mesh,7,True,3.4845987102016807e-05
grasp_24,filtered_grasp,24,mesh,8,True,3.485201159492135e-05
grasp_24,filtered_grasp,24,mesh,9,True,3.4711003536358476e-05
grasp_25,filtered_grasp,25,mesh,0,True,3.4186989068984985e-05
grasp_25,filtered_grasp,25,mesh,1,True,3.416600520722568e-05
grasp_25,filtered_grasp,25,mesh,2,True,3.41809936799109e-05
grasp_25,filtered_grasp,25,mesh,3,True,3.417802508920431e-05
grasp_25,filtered_grasp,25,mesh,4,True,3.423099406063557e-05
grasp_25,filtered_grasp,25,mesh,5,True,3.433600068092346e-05
grasp_25,filtered_grasp,25,mesh,6,True,3.424199530854821e-05
grasp_25,filtered_grasp,25,mesh,7,True,3.425299655646086e-05
grasp_25,filtered_grasp,25,mesh,8,True,3.416000981815159e-05
grasp_25,filtered_grasp,25,mesh,9,True,3.41380073223263e-05
grasp_26,filtered_grasp,26,mesh,0,True,3.643601667135954e-05
grasp_26,filtered_grasp,26,mesh,1,True,3.453501267358661e-05
grasp_26,filtered_grasp,26,mesh,2,True,3.4486991353332996e-05
grasp_26,filtered_grasp,26,mesh,3,True,3.433201345615089e-05
grasp_26,filtered_grasp,26,mesh,4,True,3.4419004805386066e-05
grasp_26,filtered_grasp,26,mesh,5,True,3.442700835876167e-05
grasp_26,filtered_grasp,26,mesh,6,True,3.405800089240074e-05
grasp_26,filtered_grasp,26,mesh,7,True,3.391501377336681e-05
grasp_26,filtered_grasp,26,mesh,8,True,3.406897303648293e-05
grasp_26,filtered_grasp,26,mesh,9,True,3.40120168402791e-05
grasp_27,filtered_grasp,27,mesh,0,True,3.456699778325856e-05
grasp_27,filtered_grasp,27,mesh,1,True,3.4550001146271825e-05
grasp_27,filtered_grasp,27,mesh,2,True,3.45699954777956e-05
grasp_27,filtered_grasp,27,mesh,3,True,3.465000190772116e-05
grasp_27,filtered_grasp,27,mesh,4,True,3.458699211478233e-05
grasp_27,filtered_grasp,27,mesh,5,True,3.462299355305731e-05
grasp_27,filtered_grasp,27,mesh,6,True,3.471499076113105e-05
grasp_27,filtered_grasp,27,mesh,7,True,3.463801112957299e-05
grasp_27,filtered_grasp,27,mesh,8,True,3.4658005461096764e-05
grasp_27,filtered_grasp,27,mesh,9,True,3.4639000659808517e-05
grasp_28,filtered_grasp,28,mesh,0,True,3.4584023524075747e-05
grasp_28,filtered_grasp,28,mesh,1,True,3.465698682703078e-05
grasp_28,filtered_grasp,28,mesh,2,True,3.468399518169463e-05
grasp_28,filtered_grasp,28,mesh,3,True,3.467398346401751e-05
grasp_28,filtered_grasp,28,mesh,4,True,3.4630997106432915e-05
grasp_28,filtered_grasp,28,mesh,5,True,3.793000360019505e-05
grasp_28,filtered_grasp,28,mesh,6,True,3.511700197122991e-05
grasp_28,filtered_grasp,28,mesh,7,True,3.5053002648055553e-05
grasp_28,filtered_grasp,28,mesh,8,True,3.504901542328298e-05
grasp_28,filtered_grasp,28,mesh,9,True,3.508699592202902e-05
grasp_29,filtered_grasp,29,mesh,0,True,3.471001400612295e-05
grasp_29,filtered_grasp,29,mesh,1,True,3.468099748715758e-05
grasp_29,filtered_grasp,29,mesh,2,True,3.465998452156782e-05
grasp_29,filtered_grasp,29,mesh,3,True,3.484400804154575e-05
grasp_29,filtered_grasp,29,mesh,4,True,3.4841999877244234e-05
grasp_29,filtered_grasp,29,mesh,5,True,3.4760014386847615e-05
grasp_29,filtered_grasp,29,mesh,6,True,3.469499642960727e-05
grasp_29,filtered_grasp,29,mesh,7,True,3.4577009500935674e-05
grasp_29,filtered_grasp,29,mesh,8,True,3.464799374341965e-05
grasp_29,filtered_grasp,29,mesh,9,True,3.468198701739311e-05
grasp_30,filtered_grasp,30,mesh,0,True,0.026367071026470512
grasp_30,filtered_grasp,30,mesh,1,True,0.026126687007490546
grasp_30,filtered_grasp,30,mesh,2,True,0.02688941400265321
grasp_30,filtered_grasp,30,mesh,3,True,0.02702900199801661
grasp_30,filtered_grasp,30,mesh,4,True,0.026919326017377898
grasp_30,filtered_grasp,30,mesh,5,True,0.027193065005121753
grasp_30,filtered_grasp,30,mesh,6,True,0.027033846010454
grasp_30,filtered_grasp,30,mesh,7,True,0.02650341999833472
grasp_30,filtered_grasp,30,mesh,8,True,0.02658014200278558
grasp_30,filtered_grasp,30,mesh,9,True,0.02625718599301763
grasp_31,filtered_grasp,31,mesh,0,True,3.474002005532384e-05
grasp_31,filtered_grasp,31,mesh,1,True,3.442598972469568e-05
grasp_31,filtered_grasp,31,mesh,2,True,3.404400194995105e-05
grasp_31,filtered_grasp,31,mesh,3,True,3.397898399271071e-05
grasp_31,filtered_grasp,31,mesh,4,True,3.393201041035354e-05
grasp_31,filtered_grasp,31,mesh,5,True,3.420200664550066e-05
grasp_31,filtered_grasp,31,mesh,6,True,3.417098196223378e-05
grasp_31,filtered_grasp,31,mesh,7,True,3.4056982258334756e-05
grasp_31,filtered_grasp,31,mesh,8,True,3.412499791011214e-05
grasp_31,filtered_grasp,31,mesh,9,True,3.401000867597759e-05
grasp_32,filtered_grasp,32,mesh,0,True,0.020856472983723506
grasp_32,filtered_grasp,32,mesh,1,True,0.020389262004755437
grasp_32,filtered_grasp,32,mesh,2,True,0.020198593992972746
grasp_32,filtered_grasp,32,mesh,3,True,0.019943716004490852
grasp_32,filtered_grasp,32,mesh,4,True,0.019814745988696814
grasp_32,filtered_grasp,32,mesh,5,True,0.019585936999646947
grasp_32,filtered_grasp,32,mesh,6,True,0.019792621984379366
grasp_32,filtered_grasp,32,mesh,7,True,0.019783583004027605
grasp_32,filtered_grasp,32,mesh,8,True,0.020136212988290936
grasp_32,filtered_grasp,32,mesh,9,True,0.020491022005444393
grasp_33,filtered_grasp,33,mesh,0,True,3.5447010304778814e-05
grasp_33,filtered_grasp,33,mesh,1,True,3.551298868842423e-05
grasp_33,filtered_grasp,33,mesh,2,True,3.54369985871017e-05
grasp_33,filtered_grasp,33,mesh,3,True,3.547500818967819e-05
grasp_33,filtered_grasp,33,mesh,4,True,3.735697828233242e-05
grasp_33,filtered_grasp,33,mesh,5,True,3.5447010304778814e-05
grasp_33,filtered_grasp,33,mesh,6,True,3.550900146365166e-05
grasp_33,filtered_grasp,33,mesh,7,True,3.537299926392734e-05
grasp_33,filtered_grasp,33,mesh,8,True,3.547300002537668e-05
grasp_33,filtered_grasp,33,mesh,9,True,3.5514996852725744e-05
grasp_34,filtered_grasp,34,mesh,0,True,0.06817522700293921
grasp_34,filtered_grasp,34,mesh,1,True,0.06827037400216796
grasp_34,filtered_grasp,34,mesh,2,True,0.068686428014189
grasp_34,filtered_grasp,34,mesh,3,True,0.06826484701014124
grasp_34,filtered_grasp,34,mesh,4,True,0.0673736419994384
grasp_34,filtered_grasp,34,mesh,5,True,0.06731325600412674
grasp_34,filtered_grasp,34,mesh,6,True,0.06763241998851299
grasp_34,filtered_grasp,34,mesh,7,True,0.06779118100530468
grasp_34,filtered_grasp,34,mesh,8,True,0.06731353999930434
grasp_34,filtered_grasp,34,mesh,9,True,0.06765076599549502
grasp_35,filtered_grasp,35,mesh,0,True,0.08745994401397184
grasp_35,filtered_grasp,35,mesh,1,True,0.08776836798642762
grasp_35,filtered_grasp,35,mesh,2,True,0.08971259600366466
grasp_35,filtered_grasp,35,mesh,3,True,0.09147298999596387
grasp_35,filtered_grasp,35,mesh,4,True,0.09010930202202871
grasp_35,filtered_grasp,35,mesh,5,True,0.08912434300873429
grasp_35,filtered_grasp,35,mesh,6,True,0.08920212797238491
grasp_35,filtered_grasp,35,mesh,7,True,0.0887437229976058
grasp_35,filtered_grasp,35,mesh,8,True,0.08949527199729346
grasp_35,filtered_grasp,35,mesh,9,True,0.09013251401484013
grasp_36,filtered_grasp,36,mesh,0,True,0.1441427689860575
grasp_36,filtered_grasp,36,mesh,1,True,0.1422475069994107
grasp_36,filtered_grasp,36,mesh,2,True,0.13979247998213395
grasp_36,filtered_grasp,36,mesh,3,True,0.14193638900178485
grasp_36,filtered_grasp,36,mesh,4,True,0.1424483489827253
grasp_36,filtered_grasp,36,mesh,5,True,0.14220778297749348
grasp_36,filtered_grasp,36,mesh,6,True,0.14192985999397933
grasp_36,filtered_grasp,36,mesh,7,True,0.14317286701407284
grasp_36,filtered_grasp,36,mesh,8,True,0.14572973901522346
grasp_36,filtered_grasp,36,mesh,9,True,0.141173770010937
grasp_37,filtered_grasp,37,mesh,0,True,0.17503294299240224
grasp_37,filtered_grasp,37,mesh,1,True,0.18660148599883541
grasp_37,filtered_grasp,37,mesh,2,True,0.17569664999609813
grasp_37,filtered_grasp,37,mesh,3,True,0.17686731298454106
grasp_37,filtered_grasp,37,mesh,4,True,0.19223797498852946
grasp_37,filtered_grasp,37,mesh,5,True,0.17350013699615374
grasp_37,filtered_grasp,37,mesh,6,True,0.17274003999773413
grasp_37,filtered_grasp,37,mesh,7,True,0.17668539899750613
grasp_37,filtered_grasp,37,mesh,8,True,0.1762153730087448
grasp_37,filtered_grasp,37,mesh,9,True,0.17644650102010928
grasp_38,filtered_grasp,38,mesh,0,True,4.8995978431776166e-05
grasp_38,filtered_grasp,38,mesh,1,True,4.842798807658255e-05
grasp_38,filtered_grasp,38,mesh,2,True,4.8336980398744345e-05
grasp_38,filtered_grasp,38,mesh,3,True,4.8390007577836514e-05
grasp_38,filtered_grasp,38,mesh,4,True,4.827399970963597e-05
grasp_38,filtered_grasp,38,mesh,5,True,4.842600901611149e-05
grasp_38,filtered_grasp,38,mesh,6,True,4.8528017941862345e-05
grasp_38,filtered_grasp,38,mesh,7,True,4.8443005653098226e-05
grasp_38,filtered_grasp,38,mesh,8,True,4.8326997784897685e-05
grasp_38,filtered_grasp,38,mesh,9,True,4.826500662602484e-05
grasp_39,filtered_grasp,39,mesh,0,True,0.18970784501289017
grasp_39,filtered_grasp,39,mesh,1,True,0.19021818100009114
grasp_39,filtered_grasp,39,mesh,2,True,0.190852265979629
grasp_39,filtered_grasp,39,mesh,3,True,0.19109799599391408
grasp_39,filtered_grasp,39,mesh,4,True,0.19028603899641894
grasp_39,filtered_grasp,39,mesh,5,True,0.19140956798219122
grasp_39,filtered_grasp,39,mesh,6,True,0.1958202850073576
grasp_39,filtered_grasp,39,mesh,7,True,0.19151609801338054
grasp_39,filtered_grasp,39,mesh,8,True,0.1972061549895443
grasp_39,filtered_grasp,39,mesh,9,True,0.18887591501697898
grasp_40,filtered_grasp,40,mesh,0,True,0.15720528000383638
grasp_40,filtered_grasp,40,mesh,1,True,0.15635159402154386
grasp_40,filtered_grasp,40,mesh,2,True,0.1523514059954323
grasp_40,filtered_grasp,40,mesh,3,True,0.15390820300672203
grasp_40,filtered_grasp,40,mesh,4,True,0.15316340400022455
grasp_40,filtered_grasp,40,mesh,5,True,0.15310669501195662
grasp_40,filtered_grasp,40,mesh,6,True,0.15668898899457417
grasp_40,filtered_grasp,40,mesh,7,True,0.15359072500723414
grasp_40,filtered_grasp,40,mesh,8,True,0.15315220499178395
grasp_40,filtered_grasp,40,mesh,9,True,0.1526409980142489
grasp_41,filtered_grasp,41,mesh,0,True,0.19369642599485815
grasp_41,filtered_grasp,41,mesh,1,True,0.1951872020144947
grasp_41,filtered_grasp,41,mesh,2,True,0.1937423850176856
grasp_41,filtered_grasp,41,mesh,3,True,0.19262710999464616
grasp_41,filtered_grasp,41,mesh,4,True,0.19252275899634697
grasp_41,filtered_grasp,41,mesh,5,True,0.1985433749796357
grasp_41,filtered_grasp,41,mesh,6,True,0.19711729299160652
grasp_41,filtered_grasp,41,mesh,7,True,0.20593965001171455
grasp_41,filtered_grasp,41,mesh,8,True,0.20542551099788398
grasp_41,filtered_grasp,41,mesh,9,True,0.20589692500652745
grasp_42,filtered_grasp,42,mesh,0,True,3.77100077457726e-05
grasp_42,filtered_grasp,42,mesh,1,True,3.743701381608844e-05
grasp_42,filtered_grasp,42,mesh,2,True,3.7120014894753695e-05
grasp_42,filtered_grasp,42,mesh,3,True,3.6994984839111567e-05
grasp_42,filtered_grasp,42,mesh,4,True,3.701698733493686e-05
grasp_42,filtered_grasp,42,mesh,5,True,3.707202267833054e-05
grasp_42,filtered_grasp,42,mesh,6,True,3.72829963453114e-05
grasp_42,filtered_grasp,42,mesh,7,True,3.7179008359089494e-05
grasp_42,filtered_grasp,42,mesh,8,True,3.6962999729439616e-05
grasp_42,filtered_grasp,42,mesh,9,True,3.706099232658744e-05
grasp_43,filtered_grasp,43,mesh,0,True,0.11060481800814159
grasp_43,filtered_grasp,43,mesh,1,True,0.11174268898321316
grasp_43,filtered_grasp,43,mesh,2,True,0.11028893900220282
grasp_43,filtered_grasp,43,mesh,3,True,0.10797767501208
grasp_43,filtered_grasp,43,mesh,4,True,0.11064324199105613
grasp_43,filtered_grasp,43,mesh,5,True,0.10855628599529155
grasp_43,filtered_grasp,43,mesh,6,True,0.10868435699376278
grasp_43,filtered_grasp,43,mesh,7,True,0.1097651330055669
grasp_43,filtered_grasp,43,mesh,8,True,0.1138059459917713
grasp_43,filtered_grasp,43,mesh,9,True,0.1136366369901225
grasp_44,filtered_grasp,44,mesh,0,True,0.1057111749832984
grasp_44,filtered_grasp,44,mesh,1,True,0.1079860629979521
grasp_44,filtered_grasp,44,mesh,2,True,0.10871123700053431
grasp_44,filtered_grasp,44,mesh,3,True,0.1098335330025293
grasp_44,filtered_grasp,44,mesh,4,True,0.10731687699444592
grasp_44,filtered_grasp,44,mesh,5,True,0.10672822699416429
grasp_44,filtered_grasp,44,mesh,6,True,0.10783452398027293
grasp_44,filtered_grasp,44,mesh,7,True,0.1070631519833114
grasp_44,filtered_grasp,44,mesh,8,True,0.1070954329916276
grasp_44,filtered_grasp,44,mesh,9,True,0.10797545700916089
grasp_45,filtered_grasp,45,mesh,0,True,0.18598863400984555
grasp_45,filtered_grasp,45,mesh,1,True,0.1921454349940177
grasp_45,filtered_grasp,45,mesh,2,True,0.18865085300058126
grasp_45,filtered_grasp,45,mesh,3,True,0.18814976699650288
grasp_45,filtered_grasp,45,mesh,4,True,0.1800835879985243
grasp_45,filtered_grasp,45,mesh,5,True,0.18329138497938402
grasp_45,filtered_grasp,45,mesh,6,True,0.18318027097848244
grasp_45,filtered_grasp,45,mesh,7,True,0.18246180197456852
grasp_45,filtered_grasp,45,mesh,8,True,0.18441385199548677
grasp_45,filtered_grasp,45,mesh,9,True,0.1873201910057105
grasp_46,filtered_grasp,46,mesh,0,True,3.771099727600813e-05
grasp_46,filtered_grasp,46,mesh,1,True,3.7568010156974196e-05
grasp_46,filtered_grasp,46,mesh,2,True,3.750700852833688e-05
grasp_46,filtered_grasp,46,mesh,3,True,3.740697866305709e-05
grasp_46,filtered_grasp,46,mesh,4,True,3.738698433153331e-05
grasp_46,filtered_grasp,46,mesh,5,True,4.035301390103996e-05
grasp_46,filtered_grasp,46,mesh,6,True,3.7438992876559496e-05
grasp_46,filtered_grasp,46,mesh,7,True,3.7474994314834476e-05
grasp_46,filtered_grasp,46,mesh,8,True,3.680400550365448e-05
grasp_46,filtered_grasp,46,mesh,9,True,3.705499693751335e-05
grasp_47,filtered_grasp,47,mesh,0,True,3.581101191230118e-05
grasp_47,filtered_grasp,47,mesh,1,True,3.617798211053014e-05
grasp_47,filtered_grasp,47,mesh,2,True,3.585300873965025e-05
grasp_47,filtered_grasp,47,mesh,3,True,3.5833974834531546e-05
grasp_47,filtered_grasp,47,mesh,4,True,3.5837001632899046e-05
grasp_47,filtered_grasp,47,mesh,5,True,3.5720993764698505e-05
grasp_47,filtered_grasp,47,mesh,6,True,3.593802102841437e-05
grasp_47,filtered_grasp,47,mesh,7,True,3.5770994145423174e-05
grasp_47,filtered_grasp,47,mesh,8,True,3.56379896402359e-05
grasp_47,filtered_grasp,47,mesh,9,True,3.573700087144971e-05
grasp_48,filtered_grasp,48,mesh,0,True,0.16178172299987637
grasp_48,filtered_grasp,48,mesh,1,True,0.15959234000183642
grasp_48,filtered_grasp,48,mesh,2,True,0.15454992299783044
grasp_48,filtered_grasp,48,mesh,3,True,0.16052599000977352
grasp_48,filtered_grasp,48,mesh,4,True,0.16151027800515294
grasp_48,filtered_grasp,48,mesh,5,True,0.16278394099208526
grasp_48,filtered_grasp,48,mesh,6,True,0.15801109597668983
grasp_48,filtered_grasp,48,mesh,7,True,0.15885098002036102
grasp_48,filtered_grasp,48,mesh,8,True,0.1584737410012167
grasp_48,filtered_grasp,48,mesh,9,True,0.15579043899197131
grasp_49,filtered_grasp,49,mesh,0,True,0.17146760900504887
grasp_49,filtered_grasp,49,mesh,1,True,0.1707637179933954
grasp_49,filtered_grasp,49,mesh,2,True,0.17065591301070526
grasp_49,filtered_grasp,49,mesh,3,True,0.17133383199688978
grasp_49,filtered_grasp,49,mesh,4,True,0.16935009899316356
grasp_49,filtered_grasp,49,mesh,5,True,0.1683350759849418
grasp_49,filtered_grasp,49,mesh,6,True,0.16536349200760014
grasp_49,filtered_grasp,49,mesh,7,True,0.16510474699316546
grasp_49,filtered_grasp,49,mesh,8,True,0.1716575809987262
grasp_49,filtered_grasp,49,mesh,9,True,0.17385120599647053
grasp_50,filtered_grasp,50,mesh,0,True,4.19309944845736e-05
grasp_50,filtered_grasp,50,mesh,1,True,4.14289825130254e-05
grasp_50,filtered_grasp,50,mesh,2,True,4.1378982132300735e-05
grasp_50,filtered_grasp,50,mesh,3,True,4.138398799113929e-05
grasp_50,filtered_grasp,50,mesh,4,True,4.163201083429158e-05
grasp_50,filtered_grasp,50,mesh,5,True,4.196300869807601e-05
grasp_50,filtered_grasp,50,mesh,6,True,4.147697472944856e-05
grasp_50,filtered_grasp,50,mesh,7,True,4.1224993765354156e-05
grasp_50,filtered_grasp,50,mesh,8,True,4.126699059270322e-05
grasp_50,filtered_grasp,50,mesh,9,True,4.444399382919073e-05
grasp_51,filtered_grasp,51,mesh,0,True,0.1433337389898952
grasp_51,filtered_grasp,51,mesh,1,True,0.14338017799309455
grasp_51,filtered_grasp,51,mesh,2,True,0.1408023480034899
grasp_51,filtered_grasp,51,mesh,3,True,0.14113961899420246
grasp_51,filtered_grasp,51,mesh,4,True,0.14159091797773726
grasp_51,filtered_grasp,51,mesh,5,True,0.14662310999119654
grasp_51,filtered_grasp,51,mesh,6,True,0.14216467802179977
grasp_51,filtered_grasp,51,mesh,7,True,0.14078663499094546
grasp_51,filtered_grasp,51,mesh,8,True,0.14051069400738925
grasp_51,filtered_grasp,51,mesh,9,True,0.14126142000895925
grasp_52,filtered_grasp,52,mesh,0,True,0.11000125398277305
grasp_52,filtered_grasp,52,mesh,1,True,0.1100327699969057
grasp_52,filtered_grasp,52,mesh,2,True,0.11132865599938668
grasp_52,filtered_grasp,52,mesh,3,True,0.11204106800141744
grasp_52,filtered_grasp,52,mesh,4,True,0.11810784100089222
grasp_52,filtered_grasp,52,mesh,5,True,0.11745211199740879
grasp_52,filtered_grasp,52,mesh,6,True,0.1157784039969556
grasp_52,filtered_grasp,52,mesh,7,True,0.11711337600718252
grasp_52,filtered_grasp,52,mesh,8,True,0.11680472100852057
grasp_52,filtered_grasp,52,mesh,9,True,0.11321733999648131
grasp_53,filtered_grasp,53,mesh,0,True,0.17453478198149242
grasp_53,filtered_grasp,53,mesh,1,True,0.1775780050083995
grasp_53,filtered_grasp,53,mesh,2,True,0.18413551500998437
grasp_53,filtered_grasp,53,mesh,3,True,0.1783014539978467
grasp_53,filtered_grasp,53,mesh,4,True,0.18544724199455231
grasp_53,filtered_grasp,53,mesh,5,True,0.18025497600319795
grasp_53,filtered_grasp,53,mesh,6,True,0.1790111990121659
grasp_53,filtered_grasp,53,mesh,7,True,0.20189910699264146
grasp_53,filtered_grasp,53,mesh,8,True,0.20261376700364053
grasp_53,filtered_grasp,53,mesh,9,True,0.19104155601235107
grasp_54,filtered_grasp,54,mesh,0,True,0.18382341900723986
grasp_54,filtered_grasp,54,mesh,1,True,0.19234741598484106
grasp_54,filtered_grasp,54,mesh,2,True,0.18783519201679155
grasp_54,filtered_grasp,54,mesh,3,True,0.19055755299632438
grasp_54,filtered_grasp,54,mesh,4,True,0.18470091398921795
grasp_54,filtered_grasp,54,mesh,5,True,0.18502147198887542
grasp_54,filtered_grasp,54,mesh,6,True,0.24999590800143778
grasp_54,filtered_grasp,54,mesh,7,True,0.20206263300497085
grasp_54,filtered_grasp,54,mesh,8,True,0.18919772800290957
grasp_54,filtered_grasp,54,mesh,9,True,0.1865842650004197
grasp_55,filtered_grasp,55,mesh,0,True,4.2921979911625385e-05
grasp_55,filtered_grasp,55,mesh,1,True,4.266301402822137e-05
grasp_55,filtered_grasp,55,mesh,2,True,4.26720071118325e-05
grasp_55,filtered_grasp,55,mesh,3,True,4.217599052935839e-05
grasp_55,filtered_grasp,55,mesh,4,True,4.2109983041882515e-05
grasp_55,filtered_grasp,55,mesh,5,True,4.1983003029599786e-05
grasp_55,filtered_grasp,55,mesh,6,True,4.201300907880068e-05
grasp_55,filtered_grasp,55,mesh,7,True,4.502799129113555e-05
grasp_55,filtered_grasp,55,mesh,8,True,4.2656000005081296e-05
grasp_55,filtered_grasp,55,mesh,9,True,4.199097747914493e-05
grasp_56,filtered_grasp,56,mesh,0,True,0.19010783798876218
grasp_56,filtered_grasp,56,mesh,1,True,0.18160717497812584
grasp_56,filtered_grasp,56,mesh,2,True,0.19149400500464253
grasp_56,filtered_grasp,56,mesh,3,True,0.19601457999669947
grasp_56,filtered_grasp,56,mesh,4,True,0.1929700250038877
grasp_56,filtered_grasp,56,mesh,5,True,0.184529432997806
grasp_56,filtered_grasp,56,mesh,6,True,0.18264248900231905
grasp_56,filtered_grasp,56,mesh,7,True,0.1768023920012638
grasp_56,filtered_grasp,56,mesh,8,True,0.17377906502224505
grasp_56,filtered_grasp,56,mesh,9,True,0.1759775220125448
grasp_57,filtered_grasp,57,mesh,0,True,0.1964641029771883
grasp_57,filtered_grasp,57,mesh,1,True,0.19925983200664632
grasp_57,filtered_grasp,57,mesh,2,True,0.1932430410233792
grasp_57,filtered_grasp,57,mesh,3,True,0.19213401799788699
grasp_57,filtered_grasp,57,mesh,4,True,0.1929008090228308
grasp_57,filtered_grasp,57,mesh,5,True,0.19156872999155894
grasp_57,filtered_grasp,57,mesh,6,True,0.18955625098897144
grasp_57,filtered_grasp,57,mesh,7,True,0.18886952399043366
grasp_57,filtered_grasp,57,mesh,8,True,0.18993223999859765
grasp_57,filtered_grasp,57,mesh,9,True,0.19187065100413747
grasp_58,filtered_grasp,58,mesh,0,True,0.00023179501295089722
grasp_58,filtered_grasp,58,mesh,1,True,0.00022952002473175526
grasp_58,filtered_grasp,58,mesh,2,True,0.0002297750033903867
grasp_58,filtered_grasp,58,mesh,3,True,0.0002268959942739457
grasp_58,filtered_grasp,58,mesh,4,True,0.0002265090006403625
grasp_58,filtered_grasp,58,mesh,5,True,0.0002261070185340941
grasp_58,filtered_grasp,58,mesh,6,True,0.00022801299928687513
grasp_58,filtered_grasp,58,mesh,7,True,0.00022640798124484718
grasp_58,filtered_grasp,58,mesh,8,True,0.00022572700981982052
grasp_58,filtered_grasp,58,mesh,9,True,0.0002251940022688359
grasp_59,filtered_grasp,59,mesh,0,True,0.17765870297444053
grasp_59,filtered_grasp,59,mesh,1,True,0.17839986199396662
grasp_59,filtered_grasp,59,mesh,2,True,0.17675926099764183
grasp_59,filtered_grasp,59,mesh,3,True,0.17740944601246156
grasp_59,filtered_grasp,59,mesh,4,True,0.17440826300298795
grasp_59,filtered_grasp,59,mesh,5,True,0.17434339199098758
grasp_59,filtered_grasp,59,mesh,6,True,0.1844357719819527
grasp_59,filtered_grasp,59,mesh,7,True,0.19959188500070013
grasp_59,filtered_grasp,59,mesh,8,True,0.18672614402021281
grasp_59,filtered_grasp,59,mesh,9,True,0.17446421799832024
grasp_60,filtered_grasp,60,mesh,0,True,0.18392058101017028
grasp_60,filtered_grasp,60,mesh,1,True,0.18665530599537306
grasp_60,filtered_grasp,60,mesh,2,True,0.18907349699293263
grasp_60,filtered_grasp,60,mesh,3,True,0.18668785798945464
grasp_60,filtered_grasp,60,mesh,4,True,0.1872188039997127
grasp_60,filtered_grasp,60,mesh,5,True,0.18389901699265465
grasp_60,filtered_grasp,60,mesh,6,True,0.1845029469986912
grasp_60,filtered_grasp,60,mesh,7,True,0.1832433880190365
grasp_60,filtered_grasp,60,mesh,8,True,0.18943037698045373
grasp_60,filtered_grasp,60,mesh,9,True,0.20564899197779596
grasp_61,filtered_grasp,61,mesh,0,True,3.977998858317733e-05
grasp_61,filtered_grasp,61,mesh,1,True,3.962102346122265e-05
grasp_61,filtered_grasp,61,mesh,2,True,3.9574981201440096e-05
grasp_61,filtered_grasp,61,mesh,3,True,3.8963014958426356e-05
grasp_61,filtered_grasp,61,mesh,4,True,3.88879852835089e-05
grasp_61,filtered_grasp,61,mesh,5,True,3.8736005080863833e-05
grasp_61,filtered_grasp,61,mesh,6,True,3.88289918191731e-05
grasp_61,filtered_grasp,61,mesh,7,True,3.877998096868396e-05
grasp_61,filtered_grasp,61,mesh,8,True,4.1562976548448205e-05
grasp_61,filtered_grasp,61,mesh,9,True,3.900600131601095e-05
grasp_62,filtered_grasp,62,mesh,0,True,9.905098704621196e-05
grasp_62,filtered_grasp,62,mesh,1,True,9.813997894525528e-05
grasp_62,filtered_grasp,62,mesh,2,True,9.741901885718107e-05
grasp_62,filtered_grasp,62,mesh,3,True,9.716299246065319e-05
grasp_62,filtered_grasp,62,mesh,4,True,9.65369981713593e-05
grasp_62,filtered_grasp,62,mesh,5,True,9.660300565883517e-05
grasp_62,filtered_grasp,62,mesh,6,True,9.625300299376249e-05
grasp_62,filtered_grasp,62,mesh,7,True,9.873398812487721e-05
grasp_62,filtered_grasp,62,mesh,8,True,9.688799036666751e-05
grasp_62,filtered_grasp,62,mesh,9,True,9.655999019742012e-05
grasp_63,filtered_grasp,63,mesh,0,True,0.2292643740074709
grasp_63,filtered_grasp,63,mesh,1,True,0.22471843799576163
grasp_63,filtered_grasp,63,mesh,2,True,0.2239104569889605
grasp_63,filtered_grasp,63,mesh,3,True,0.22267089199158363
grasp_63,filtered_grasp,63,mesh,4,True,0.22081083999364637
grasp_63,filtered_grasp,63,mesh,5,True,0.22862385399639606
grasp_63,filtered_grasp,63,mesh,6,True,0.2302221260033548
grasp_63,filtered_grasp,63,mesh,7,True,0.2239822539850138
grasp_63,filtered_grasp,63,mesh,8,True,0.2211629039957188
grasp_63,filtered_grasp,63,mesh,9,True,0.22559423799975775
grasp_64,filtered_grasp,64,mesh,0,True,0.13748353498522192
grasp_64,filtered_grasp,64,mesh,1,True,0.13792665401706472
grasp_64,filtered_grasp,64,mesh,2,True,0.13856703299097717
grasp_64,filtered_grasp,64,mesh,3,True,0.14336772801470943
grasp_64,filtered_grasp,64,mesh,4,True,0.14264126599300653
grasp_64,filtered_grasp,64,mesh,5,True,0.14133215599576943
grasp_64,filtered_grasp,64,mesh,6,True,0.14351247099693865
grasp_64,filtered_grasp,64,mesh,7,True,0.14180333001422696
grasp_64,filtered_grasp,64,mesh,8,True,0.14056793300551362
grasp_64,filtered_grasp,64,mesh,9,True,0.13959079000051133
grasp_65,filtered_grasp,65,mesh,0,True,0.17707189000793733
grasp_65,filtered_grasp,65,mesh,1,True,0.1809081649989821
grasp_65,filtered_grasp,65,mesh,2,True,0.17897222298779525
grasp_65,filtered_grasp,65,mesh,3,True,0.17866150400368497
grasp_65,filtered_grasp,65,mesh,4,True,0.1818472080049105
grasp_65,filtered_grasp,65,mesh,5,True,0.1798777980147861
grasp_65,filtered_grasp,65,mesh,6,True,0.18514945701463148
grasp_65,filtered_grasp,65,mesh,7,True,0.1800686389906332
grasp_65,filtered_grasp,65,mesh,8,True,0.18033772299531847
grasp_65,filtered_grasp,65,mesh,9,True,0.1797389849962201
grasp_66,filtered_grasp,66,mesh,0,True,7.36539950594306e-05
grasp_66,filtered_grasp,66,mesh,1,True,7.290099165402353e-05
grasp_66,filtered_grasp,66,mesh,2,True,7.248000474646688e-05
grasp_66,filtered_grasp,66,mesh,3,True,7.235899101942778e-05
grasp_66,filtered_grasp,66,mesh,4,True,7.244001608341932e-05
grasp_66,filtered_grasp,66,mesh,5,True,7.208599708974361e-05
grasp_66,filtered_grasp,66,mesh,6,True,7.495100726373494e-05
grasp_66,filtered_grasp,66,mesh,7,True,7.231201743707061e-05
grasp_66,filtered_grasp,66,mesh,8,True,7.178899249993265e-05
grasp_66,filtered_grasp,66,mesh,9,True,7.185401045717299e-05
grasp_67,filtered_grasp,67,mesh,0,True,0.22490121601731516
grasp_67,filtered_grasp,67,mesh,1,True,0.23203390301205218
grasp_67,filtered_grasp,67,mesh,2,True,0.2534265010035597
grasp_67,filtered_grasp,67,mesh,3,True,0.2265122669923585
grasp_67,filtered_grasp,67,mesh,4,True,0.23298308500670828
grasp_67,filtered_grasp,67,mesh,5,True,0.23190196801442653
grasp_67,filtered_grasp,67,mesh,6,True,0.22645438701147214
grasp_67,filtered_grasp,67,mesh,7,True,0.22770869499072433
grasp_67,filtered_grasp,67,mesh,8,True,0.2268947699922137
grasp_67,filtered_grasp,67,mesh,9,True,0.22469252900918946
grasp_68,filtered_grasp,68,mesh,0,True,0.19821437599603087
grasp_68,filtered_grasp,68,mesh,1,True,0.20584387698909268
grasp_68,filtered_grasp,68,mesh,2,True,0.2016708680021111
grasp_68,filtered_grasp,68,mesh,3,True,0.20345056100632064
grasp_68,filtered_grasp,68,mesh,4,True,0.2055569440126419
grasp_68,filtered_grasp,68,mesh,5,True,0.20374109799740836
grasp_68,filtered_grasp,68,mesh,6,True,0.2071576769812964
grasp_68,filtered_grasp,68,mesh,7,True,0.20255120302317664
grasp_68,filtered_grasp,68,mesh,8,True,0.2221556130098179
grasp_68,filtered_grasp,68,mesh,9,True,0.226362446002895
grasp_69,filtered_grasp,69,mesh,0,True,0.17161405002116226
grasp_69,filtered_grasp,69,mesh,1,True,0.17864081700099632
grasp_69,filtered_grasp,69,mesh,2,True,0.17982676398241892
grasp_69,filtered_grasp,69,mesh,3,True,0.1720608759787865
grasp_69,filtered_grasp,69,mesh,4,True,0.16683191998163238
grasp_69,filtered_grasp,69,mesh,5,True,0.16537936599343084
grasp_69,filtered_grasp,69,mesh,6,True,0.16963377900538035
grasp_69,filtered_grasp,69,mesh,7,True,0.1662718990119174
grasp_69,filtered_grasp,69,mesh,8,True,0.16830127499997616
grasp_69,filtered_grasp,69,mesh,9,True,0.16496303302119486
grasp_70,filtered_grasp,70,mesh,0,True,3.54369985871017e-05
grasp_70,filtered_grasp,70,mesh,1,True,3.535597352311015e-05
grasp_70,filtered_grasp,70,mesh,2,True,3.513498813845217e-05
grasp_70,filtered_grasp,70,mesh,3,True,3.526901127770543e-05
grasp_70,filtered_grasp,70,mesh,4,True,3.5370991099625826e-05
grasp_70,filtered_grasp,70,mesh,5,True,3.512701368890703e-05
grasp_70,filtered_grasp,70,mesh,6,True,3.5289995139464736e-05
grasp_70,filtered_grasp,70,mesh,7,True,3.5267992643639445e-05
grasp_70,filtered_grasp,70,mesh,8,True,3.527899389155209e-05
grasp_70,filtered_grasp,70,mesh,9,True,3.4818018320947886e-05
grasp_71,filtered_grasp,71,mesh,0,True,0.11852535500656813
grasp_71,filtered_grasp,71,mesh,1,True,0.1185946790210437
grasp_71,filtered_grasp,71,mesh,2,True,0.11896689800778404
grasp_71,filtered_grasp,71,mesh,3,True,0.12088537201634608
grasp_71,filtered_grasp,71,mesh,4,True,0.1209092169883661
grasp_71,filtered_grasp,71,mesh,5,True,0.11866641198867
grasp_71,filtered_grasp,71,mesh,6,True,0.11945982000906952
grasp_71,filtered_grasp,71,mesh,7,True,0.12165626999922097
grasp_71,filtered_grasp,71,mesh,8,True,0.12106753600528464
grasp_71,filtered_grasp,71,mesh,9,True,0.11934865900548175
grasp_72,filtered_grasp,72,mesh,0,True,0.13351769201108254
grasp_72,filtered_grasp,72,mesh,1,True,0.1317343850096222
grasp_72,filtered_grasp,72,mesh,2,True,0.13212161001865752
grasp_72,filtered_grasp,72,mesh,3,True,0.13465295601054095
grasp_72,filtered_grasp,72,mesh,4,True,0.130783264990896
grasp_72,filtered_grasp,72,mesh,5,True,0.13252595500671305
grasp_72,filtered_grasp,72,mesh,6,True,0.13391187801607884
grasp_72,filtered_grasp,72,mesh,7,True,0.13358431597589515
grasp_72,filtered_grasp,72,mesh,8,True,0.13274799499777146
grasp_72,filtered_grasp,72,mesh,9,True,0.1306051720166579
grasp_73,filtered_grasp,73,mesh,0,True,0.16002177898189984
grasp_73,filtered_grasp,73,mesh,1,True,0.16303771501407027
grasp_73,filtered_grasp,73,mesh,2,True,0.16594967700075358
grasp_73,filtered_grasp,73,mesh,3,True,0.17079281600308605
grasp_73,filtered_grasp,73,mesh,4,True,0.16634026501560584
grasp_73,filtered_grasp,73,mesh,5,True,0.16468235198408365
grasp_73,filtered_grasp,73,mesh,6,True,0.1664893800043501
grasp_73,filtered_grasp,73,mesh,7,True,0.16754230702645145
grasp_73,filtered_grasp,73,mesh,8,True,0.1602774389903061
grasp_73,filtered_grasp,73,mesh,9,True,0.16197353499592282
grasp_74,filtered_grasp,74,mesh,0,True,0.17952852600137703
grasp_74,filtered_grasp,74,mesh,1,True,0.18381944400607608
grasp_74,filtered_grasp,74,mesh,2,True,0.1834308599936776
grasp_74,filtered_grasp,74,mesh,3,True,0.18070719600655138
grasp_74,filtered_grasp,74,mesh,4,True,0.1877311950083822
grasp_74,filtered_grasp,74,mesh,5,True,0.18540314899291843
grasp_74,filtered_grasp,74,mesh,6,True,0.1801017980033066
grasp_74,filtered_grasp,74,mesh,7,True,0.18523697400814854
grasp_74,filtered_grasp,74,mesh,8,True,0.18694342399248853
grasp_74,filtered_grasp,74,mesh,9,True,0.18217051099054515
grasp_75,filtered_grasp,75,mesh,0,True,3.904299228452146e-05
grasp_75,filtered_grasp,75,mesh,1,True,3.714699414558709e-05
grasp_75,filtered_grasp,75,mesh,2,True,3.712601028382778e-05
grasp_75,filtered_grasp,75,mesh,3,True,3.705002018250525e-05
grasp_75,filtered_grasp,75,mesh,4,True,3.7044985219836235e-05
grasp_75,filtered_grasp,75,mesh,5,True,3.700901288539171e-05
grasp_75,filtered_grasp,75,mesh,6,True,3.698701038956642e-05
grasp_75,filtered_grasp,75,mesh,7,True,3.713500336743891e-05
grasp_75,filtered_grasp,75,mesh,8,True,3.710598684847355e-05
grasp_75,filtered_grasp,75,mesh,9,True,3.6990008084103465e-05
grasp_76,filtered_grasp,76,mesh,0,True,0.1382144799863454
grasp_76,filtered_grasp,76,mesh,1,True,0.14129693098948337
grasp_76,filtered_grasp,76,mesh,2,True,0.13870883101481013
grasp_76,filtered_grasp,76,mesh,3,True,0.14563642800203525
grasp_76,filtered_grasp,76,mesh,4,True,0.1407660899858456
grasp_76,filtered_grasp,76,mesh,5,True,0.1468123530212324
grasp_76,filtered_grasp,76,mesh,6,True,0.14083957200637087
grasp_76,filtered_grasp,76,mesh,7,True,0.13799707501311786
grasp_76,filtered_grasp,76,mesh,8,True,0.13646257799700834
grasp_76,filtered_grasp,76,mesh,9,True,0.13745826701051556
grasp_77,filtered_grasp,77,mesh,0,True,4.0933024138212204e-05
grasp_77,filtered_grasp,77,mesh,1,True,4.05440223403275e-05
grasp_77,filtered_grasp,77,mesh,2,True,4.0328974137082696e-05
grasp_77,filtered_grasp,77,mesh,3,True,4.0257000364363194e-05
grasp_77,filtered_grasp,77,mesh,4,True,4.0497019654139876e-05
grasp_77,filtered_grasp,77,mesh,5,True,4.066800465807319e-05
grasp_77,filtered_grasp,77,mesh,6,True,4.0530983824282885e-05
grasp_77,filtered_grasp,77,mesh,7,True,4.096300108358264e-05
grasp_77,filtered_grasp,77,mesh,8,True,4.056000034324825e-05
grasp_77,filtered_grasp,77,mesh,9,True,4.0311977500095963e-05
grasp_78,filtered_grasp,78,mesh,0,True,5.786999827250838e-05
grasp_78,filtered_grasp,78,mesh,1,True,6.0533988289535046e-05
grasp_78,filtered_grasp,78,mesh,2,True,5.761999636888504e-05
grasp_78,filtered_grasp,78,mesh,3,True,5.711300764232874e-05
grasp_78,filtered_grasp,78,mesh,4,True,5.705500370822847e-05
grasp_78,filtered_grasp,78,mesh,5,True,5.689301178790629e-05
grasp_78,filtered_grasp,78,mesh,6,True,5.709199467673898e-05
grasp_78,filtered_grasp,78,mesh,7,True,5.6707009207457304e-05
grasp_78,filtered_grasp,78,mesh,8,True,5.665500066243112e-05
grasp_78,filtered_grasp,78,mesh,9,True,5.68009854760021e-05
grasp_79,filtered_grasp,79,mesh,0,True,0.2079077850212343
grasp_79,filtered_grasp,79,mesh,1,True,0.210318561992608
grasp_79,filtered_grasp,79,mesh,2,True,0.20956481201574206
grasp_79,filtered_grasp,79,mesh,3,True,0.20751978701446205
grasp_79,filtered_grasp,79,mesh,4,True,0.2097918459912762
grasp_79,filtered_grasp,79,mesh,5,True,0.2047893480048515
grasp_79,filtered_grasp,79,mesh,6,True,0.20440566301112995
grasp_79,filtered_grasp,79,mesh,7,True,0.20354509601020254
grasp_79,filtered_grasp,79,mesh,8,True,0.20496285500121303
grasp_79,filtered_grasp,79,mesh,9,True,0.20485032399301417
grasp_80,filtered_grasp,80,mesh,0,True,0.1652824399934616
grasp_80,filtered_grasp,80,mesh,1,True,0.16162277502007782
grasp_80,filtered_grasp,80,mesh,2,True,0.1669927149778232
grasp_80,filtered_grasp,80,mesh,3,True,0.16966249200049788
grasp_80,filtered_grasp,80,mesh,4,True,0.1658153089811094
grasp_80,filtered_grasp,80,mesh,5,True,0.1691375490045175
grasp_80,filtered_grasp,80,mesh,6,True,0.16825813701143488
grasp_80,filtered_grasp,80,mesh,7,True,0.16069918201537803
grasp_80,filtered_grasp,80,mesh,8,True,0.16410966098192148
grasp_80,filtered_grasp,80,mesh,9,True,0.16342484101187438
grasp_81,filtered_grasp,81,mesh,0,True,0.13980316399829462
grasp_81,filtered_grasp,81,mesh,1,True,0.1402756859897636
grasp_81,filtered_grasp,81,mesh,2,True,0.13816616401891224
grasp_81,filtered_grasp,81,mesh,3,True,0.13992370798951015
grasp_81,filtered_grasp,81,mesh,4,True,0.14048208598978817
grasp_81,filtered_grasp,81,mesh,5,True,0.13868616000399925
grasp_81,filtered_grasp,81,mesh,6,True,0.13915460000862367
grasp_81,filtered_grasp,81,mesh,7,True,0.14140313299139962
grasp_81,filtered_grasp,81,mesh,8,True,0.1413780169968959
grasp_81,filtered_grasp,81,mesh,9,True,0.13654913200298324
grasp_82,filtered_grasp,82,mesh,0,True,0.12314000600599684
grasp_82,filtered_grasp,82,mesh,1,True,0.11971059200004674
grasp_82,filtered_grasp,82,mesh,2,True,0.1186457320000045
grasp_82,filtered_grasp,82,mesh,3,True,0.11987435398623347
grasp_82,filtered_grasp,82,mesh,4,True,0.12338343498413451
grasp_82,filtered_grasp,82,mesh,5,True,0.11978457399527542
grasp_82,filtered_grasp,82,mesh,6,True,0.12003781899693422
grasp_82,filtered_grasp,82,mesh,7,True,0.12119364298996516
grasp_82,filtered_grasp,82,mesh,8,True,0.12320082800579257
grasp_82,filtered_grasp,82,mesh,9,True,0.12022961798356846
grasp_83,filtered_grasp,83,mesh,0,True,0.19385581099777482
grasp_83,filtered_grasp,83,mesh,1,True,0.22049661801429465
grasp_83,filtered_grasp,83,mesh,2,True,0.19665983101003803
grasp_83,filtered_grasp,83,mesh,3,True,0.19155364501057193
grasp_83,filtered_grasp,83,mesh,4,True,0.19252276097540744
grasp_83,filtered_grasp,83,mesh,5,True,0.19073253800161183
grasp_83,filtered_grasp,83,mesh,6,True,0.19080243800999597
grasp_83,filtered_grasp,83,mesh,7,True,0.19536421602242626
grasp_83,filtered_grasp,83,mesh,8,True,0.1942714800243266
grasp_83,filtered_grasp,83,mesh,9,True,0.1928859789913986
grasp_84,filtered_grasp,84,mesh,0,True,3.489400842227042e-05
grasp_84,filtered_grasp,84,mesh,1,True,3.47039895132184e-05
grasp_84,filtered_grasp,84,mesh,2,True,3.4841999877244234e-05
grasp_84,filtered_grasp,84,mesh,3,True,3.455698606558144e-05
grasp_84,filtered_grasp,84,mesh,4,True,3.458201535977423e-05
grasp_84,filtered_grasp,84,mesh,5,True,3.4536002203822136e-05
grasp_84,filtered_grasp,84,mesh,6,True,3.4590979339554906e-05
grasp_84,filtered_grasp,84,mesh,7,True,3.4616998163983226e-05
grasp_84,filtered_grasp,84,mesh,8,True,3.464901237748563e-05
grasp_84,filtered_grasp,84,mesh,9,True,3.462500171735883e-05
grasp_85,filtered_grasp,85,mesh,0,True,5.42299821972847e-05
grasp_85,filtered_grasp,85,mesh,1,True,5.327101098373532e-05
grasp_85,filtered_grasp,85,mesh,2,True,5.562900332733989e-05
grasp_85,filtered_grasp,85,mesh,3,True,5.3171010222285986e-05
grasp_85,filtered_grasp,85,mesh,4,True,5.306198727339506e-05
grasp_85,filtered_grasp,85,mesh,5,True,5.295398295857012e-05
grasp_85,filtered_grasp,85,mesh,6,True,5.297199822962284e-05
grasp_85,filtered_grasp,85,mesh,7,True,5.303998477756977e-05
grasp_85,filtered_grasp,85,mesh,8,True,5.288200918585062e-05
grasp_85,filtered_grasp,85,mesh,9,True,5.2740011597052217e-05
grasp_86,filtered_grasp,86,mesh,0,True,3.3980992157012224e-05
grasp_86,filtered_grasp,86,mesh,1,True,3.4190015867352486e-05
grasp_86,filtered_grasp,86,mesh,2,True,3.396000829525292e-05
grasp_86,filtered_grasp,86,mesh,3,True,3.399499109946191e-05
grasp_86,filtered_grasp,86,mesh,4,True,3.5122997360304e-05
grasp_86,filtered_grasp,86,mesh,5,True,3.40710103046149e-05
grasp_86,filtered_grasp,86,mesh,6,True,3.396300598978996e-05
grasp_86,filtered_grasp,86,mesh,7,True,3.4011987736448646e-05
grasp_86,filtered_grasp,86,mesh,8,True,3.4002005122601986e-05
grasp_86,filtered_grasp,86,mesh,9,True,3.390101483091712e-05
grasp_87,filtered_grasp,87,mesh,0,True,3.3935008104890585e-05
grasp_87,filtered_grasp,87,mesh,1,True,3.3988995710387826e-05
grasp_87,filtered_grasp,87,mesh,2,True,3.3930991776287556e-05
grasp_87,filtered_grasp,87,mesh,3,True,3.679998917505145e-05
grasp_87,filtered_grasp,87,mesh,4,True,3.460599691607058e-05
grasp_87,filtered_grasp,87,mesh,5,True,3.4590018913149834e-05
grasp_87,filtered_grasp,87,mesh,6,True,3.402799484319985e-05
grasp_87,filtered_grasp,87,mesh,7,True,3.420398570597172e-05
grasp_87,filtered_grasp,87,mesh,8,True,3.402898437343538e-05
grasp_87,filtered_grasp,87,mesh,9,True,3.4024997148662806e-05
grasp_88,filtered_grasp,88,mesh,0,True,3.404199378564954e-05
grasp_88,filtered_grasp,88,mesh,1,True,3.404499148018658e-05
grasp_88,filtered_grasp,88,mesh,2,True,3.406801261007786e-05
grasp_88,filtered_grasp,88,mesh,3,True,3.4097000025212765e-05
grasp_88,filtered_grasp,88,mesh,4,True,3.391597419977188e-05
grasp_88,filtered_grasp,88,mesh,5,True,3.3970020012930036e-05
grasp_88,filtered_grasp,88,mesh,6,True,3.4002994652837515e-05
grasp_88,filtered_grasp,88,mesh,7,True,3.394699888303876e-05
grasp_88,filtered_grasp,88,mesh,8,True,3.396300598978996e-05
grasp_88,filtered_grasp,88,mesh,9,True,3.4002005122601986e-05
grasp_89,filtered_grasp,89,mesh,0,True,3.4452008549124e-05
grasp_89,filtered_grasp,89,mesh,1,True,3.453000681474805e-05
grasp_89,filtered_grasp,89,mesh,2,True,3.43850115314126e-05
grasp_89,filtered_grasp,89,mesh,3,True,3.4513999707996845e-05
grasp_89,filtered_grasp,89,mesh,4,True,3.446300979703665e-05
grasp_89,filtered_grasp,89,mesh,5,True,3.4343014704063535e-05
grasp_89,filtered_grasp,89,mesh,6,True,3.440398722887039e-05
grasp_89,filtered_grasp,89,mesh,7,True,3.440299769863486e-05
grasp_89,filtered_grasp,89,mesh,8,True,3.660697257146239e-05
grasp_89,filtered_grasp,89,mesh,9,True,3.452500095590949e-05
grasp_90,filtered_grasp,90,mesh,0,True,3.390200436115265e-05
grasp_90,filtered_grasp,90,mesh,1,True,3.398102126084268e-05
grasp_90,filtered_grasp,90,mesh,2,True,3.3925985917449e-05
grasp_90,filtered_grasp,90,mesh,3,True,3.4357013646513224e-05
grasp_90,filtered_grasp,90,mesh,4,True,3.407799522392452e-05
grasp_90,filtered_grasp,90,mesh,5,True,3.410299541428685e-05
grasp_90,filtered_grasp,90,mesh,6,True,3.4025986678898335e-05
grasp_90,filtered_grasp,90,mesh,7,True,3.391198697499931e-05
grasp_90,filtered_grasp,90,mesh,8,True,3.384498995728791e-05
grasp_90,filtered_grasp,90,mesh,9,True,3.4002005122601986e-05
grasp_91,filtered_grasp,91,mesh,0,True,3.4011987736448646e-05
grasp_91,filtered_grasp,91,mesh,1,True,3.409400233067572e-05
grasp_91,filtered_grasp,91,mesh,2,True,3.404502058401704e-05
grasp_91,filtered_grasp,91,mesh,3,True,3.399100387468934e-05
grasp_91,filtered_grasp,91,mesh,4,True,3.413500962778926e-05
grasp_91,filtered_grasp,91,mesh,5,True,3.404100425541401e-05
grasp_91,filtered_grasp,91,mesh,6,True,3.39960097335279e-05
grasp_91,filtered_grasp,91,mesh,7,True,3.410899080336094e-05
grasp_91,filtered_grasp,91,mesh,8,True,3.4177006455138326e-05
grasp_91,filtered_grasp,91,mesh,9,True,3.413099329918623e-05
grasp_92,filtered_grasp,92,mesh,0,True,3.402799484319985e-05
grasp_92,filtered_grasp,92,mesh,1,True,3.671800368465483e-05
grasp_92,filtered_grasp,92,mesh,2,True,3.457599086686969e-05
grasp_92,filtered_grasp,92,mesh,3,True,3.457098500803113e-05
grasp_92,filtered_grasp,92,mesh,4,True,3.4577009500935674e-05
grasp_92,filtered_grasp,92,mesh,5,True,3.460599691607058e-05
grasp_92,filtered_grasp,92,mesh,6,True,3.446199116297066e-05
grasp_92,filtered_grasp,92,mesh,7,True,3.450200892984867e-05
grasp_92,filtered_grasp,92,mesh,8,True,3.560699406079948e-05
grasp_92,filtered_grasp,92,mesh,9,True,3.4558004699647427e-05
grasp_93,filtered_grasp,93,mesh,0,True,0.19484280599863268
grasp_93,filtered_grasp,93,mesh,1,True,0.19301745897973888
grasp_93,filtered_grasp,93,mesh,2,True,0.2006974489777349
grasp_93,filtered_grasp,93,mesh,3,True,0.19520322399330325
grasp_93,filtered_grasp,93,mesh,4,True,0.19556971397832967
grasp_93,filtered_grasp,93,mesh,5,True,0.19990500100539066
grasp_93,filtered_grasp,93,mesh,6,True,0.19748881499981508
grasp_93,filtered_grasp,93,mesh,7,True,0.20429825098835863
grasp_93,filtered_grasp,93,mesh,8,True,0.20548000698909163
grasp_93,filtered_grasp,93,mesh,9,True,0.2034756450157147
grasp_94,filtered_grasp,94,mesh,0,True,3.573199501261115e-05
grasp_94,filtered_grasp,94,mesh,1,True,3.7994992453604937e-05
grasp_94,filtered_grasp,94,mesh,2,True,3.552201087586582e-05
grasp_94,filtered_grasp,94,mesh,3,True,3.561598714441061e-05
grasp_94,filtered_grasp,94,mesh,4,True,3.5492994356900454e-05
grasp_94,filtered_grasp,94,mesh,5,True,3.532899427227676e-05
grasp_94,filtered_grasp,94,mesh,6,True,0.00010546500561758876
grasp_94,filtered_grasp,94,mesh,7,True,3.662001108750701e-05
grasp_94,filtered_grasp,94,mesh,8,True,3.54530056938529e-05
grasp_94,filtered_grasp,94,mesh,9,True,3.515000571496785e-05
grasp_95,filtered_grasp,95,mesh,0,True,3.523300983943045e-05
grasp_95,filtered_grasp,95,mesh,1,True,3.5289995139464736e-05
grasp_95,filtered_grasp,95,mesh,2,True,3.5272998502478004e-05
grasp_95,filtered_grasp,95,mesh,3,True,3.4845987102016807e-05
grasp_95,filtered_grasp,95,mesh,4,True,3.479898441582918e-05
grasp_95,filtered_grasp,95,mesh,5,True,3.477197606116533e-05
grasp_95,filtered_grasp,95,mesh,6,True,3.496400313451886e-05
grasp_95,filtered_grasp,95,mesh,7,True,3.4900003811344504e-05
grasp_95,filtered_grasp,95,mesh,8,True,3.4814991522580385e-05
grasp_95,filtered_grasp,95,mesh,9,True,3.483399632386863e-05
grasp_96,filtered_grasp,96,mesh,0,True,3.4791999496519566e-05
grasp_96,filtered_grasp,96,mesh,1,True,3.4719996619969606e-05
grasp_96,filtered_grasp,96,mesh,2,True,3.4819007851183414e-05
grasp_96,filtered_grasp,96,mesh,3,True,3.599299816414714e-05
grasp_96,filtered_grasp,96,mesh,4,True,3.480800660327077e-05
grasp_96,filtered_grasp,96,mesh,5,True,3.4715019864961505e-05
grasp_96,filtered_grasp,96,mesh,6,True,3.474598634056747e-05
grasp_96,filtered_grasp,96,mesh,7,True,3.46289889421314e-05
grasp_96,filtered_grasp,96,mesh,8,True,3.477200516499579e-05
grasp_96,filtered_grasp,96,mesh,9,True,3.4644006518647075e-05
grasp_97,filtered_grasp,97,mesh,0,True,3.5834003938362e-05
grasp_97,filtered_grasp,97,mesh,1,True,3.492098767310381e-05
grasp_97,filtered_grasp,97,mesh,2,True,3.502701292745769e-05
grasp_97,filtered_grasp,97,mesh,3,True,3.479400766082108e-05
grasp_97,filtered_grasp,97,mesh,4,True,3.475500852800906e-05
grasp_97,filtered_grasp,97,mesh,5,True,3.478801227174699e-05
grasp_97,filtered_grasp,97,mesh,6,True,3.466900670900941e-05
grasp_97,filtered_grasp,97,mesh,7,True,3.478999133221805e-05
grasp_97,filtered_grasp,97,mesh,8,True,3.478900180198252e-05
grasp_97,filtered_grasp,97,mesh,9,True,3.4742988646030426e-05
grasp_98,filtered_grasp,98,mesh,0,True,3.480000304989517e-05
grasp_98,filtered_grasp,98,mesh,1,True,3.4873984986916184e-05
grasp_98,filtered_grasp,98,mesh,2,True,3.501100582070649e-05
grasp_98,filtered_grasp,98,mesh,3,True,3.485599881969392e-05
grasp_98,filtered_grasp,98,mesh,4,True,3.486100467853248e-05
grasp_98,filtered_grasp,98,mesh,5,True,3.494700649753213e-05
grasp_98,filtered_grasp,98,mesh,6,True,3.5025004763156176e-05
grasp_98,filtered_grasp,98,mesh,7,True,3.50210175383836e-05
grasp_98,filtered_grasp,98,mesh,8,True,3.614099114201963e-05
grasp_98,filtered_grasp,98,mesh,9,True,3.496900899335742e-05
grasp_99,filtered_grasp,99,mesh,0,True,3.4958997275680304e-05
grasp_99,filtered_grasp,99,mesh,1,True,3.596500027924776e-05
grasp_99,filtered_grasp,99,mesh,2,True,3.4858996514230967e-05
grasp_99,filtered_grasp,99,mesh,3,True,3.48839967045933e-05
grasp_99,filtered_grasp,99,mesh,4,True,3.4975993912667036e-05
grasp_99,filtered_grasp,99,mesh,5,True,3.483702312223613e-05
grasp_99,filtered_grasp,99,mesh,6,True,3.4864002373069525e-05
grasp_99,filtered_grasp,99,mesh,7,True,3.486700006760657e-05
grasp_99,filtered_grasp,99,mesh,8,True,3.475198172964156e-05
grasp_99,filtered_grasp,99,mesh,9,True,3.487998037599027e-05
grasp_100,filtered_grasp,100,mesh,0,True,3.474598634056747e-05
grasp_100,filtered_grasp,100,mesh,1,True,3.472701064310968e-05
grasp_100,filtered_grasp,100,mesh,2,True,3.474802360869944e-05
grasp_100,filtered_grasp,100,mesh,3,True,3.4747994504868984e-05
grasp_100,filtered_grasp,100,mesh,4,True,3.479499719105661e-05
grasp_100,filtered_grasp,100,mesh,5,True,3.485902561806142e-05
grasp_100,filtered_grasp,100,mesh,6,True,3.481601015664637e-05
grasp_100,filtered_grasp,100,mesh,7,True,3.465000190772116e-05
grasp_100,filtered_grasp,100,mesh,8,True,3.482599277049303e-05
grasp_100,filtered_grasp,100,mesh,9,True,3.4886004868894815e-05
grasp_101,filtered_grasp,101,mesh,0,True,3.738701343536377e-05
grasp_101,filtered_grasp,101,mesh,1,True,3.4885015338659286e-05
grasp_101,filtered_grasp,101,mesh,2,True,3.469400689937174e-05
grasp_101,filtered_grasp,101,mesh,3,True,3.472398384474218e-05
grasp_101,filtered_grasp,101,mesh,4,True,3.4734985092654824e-05
grasp_101,filtered_grasp,101,mesh,5,True,3.475198172964156e-05
grasp_101,filtered_grasp,101,mesh,6,True,3.477197606116533e-05
grasp_101,filtered_grasp,101,mesh,7,True,3.476400161162019e-05
grasp_101,filtered_grasp,101,mesh,8,True,3.4800992580130696e-05
grasp_101,filtered_grasp,101,mesh,9,True,3.465599729679525e-05
grasp_102,filtered_grasp,102,mesh,0,True,3.46910092048347e-05
grasp_102,filtered_grasp,102,mesh,1,True,3.4804019378498197e-05
grasp_102,filtered_grasp,102,mesh,2,True,3.4738011891022325e-05
grasp_102,filtered_grasp,102,mesh,3,True,3.477500285953283e-05
grasp_102,filtered_grasp,102,mesh,4,True,3.467200440354645e-05
grasp_102,filtered_grasp,102,mesh,5,True,3.458000719547272e-05
grasp_102,filtered_grasp,102,mesh,6,True,3.4693977795541286e-05
grasp_102,filtered_grasp,102,mesh,7,True,3.486700006760657e-05
grasp_102,filtered_grasp,102,mesh,8,True,3.4805998438969254e-05
grasp_102,filtered_grasp,102,mesh,9,True,3.5065022530034184e-05
grasp_103,filtered_grasp,103,mesh,0,True,3.504200140014291e-05
grasp_103,filtered_grasp,103,mesh,1,True,3.50769842043519e-05
grasp_103,filtered_grasp,103,mesh,2,True,3.500698949210346e-05
grasp_103,filtered_grasp,103,mesh,3,True,3.495599958114326e-05
grasp_103,filtered_grasp,103,mesh,4,True,3.6735000321641564e-05
grasp_103,filtered_grasp,103,mesh,5,True,3.518399898894131e-05
grasp_103,filtered_grasp,103,mesh,6,True,3.517200821079314e-05
grasp_103,filtered_grasp,103,mesh,7,True,3.504101186990738e-05
grasp_103,filtered_grasp,103,mesh,8,True,3.4944008802995086e-05
grasp_103,filtered_grasp,103,mesh,9,True,3.4881988540291786e-05
grasp_104,filtered_grasp,104,mesh,0,True,3.4725992009043694e-05
grasp_104,filtered_grasp,104,mesh,1,True,3.4948025131598115e-05
grasp_104,filtered_grasp,104,mesh,2,True,3.484601620584726e-05
grasp_104,filtered_grasp,104,mesh,3,True,3.48839967045933e-05
grasp_104,filtered_grasp,104,mesh,4,True,3.484898479655385e-05
grasp_104,filtered_grasp,104,mesh,5,True,3.476199344731867e-05
grasp_104,filtered_grasp,104,mesh,6,True,3.47500026691705e-05
grasp_104,filtered_grasp,104,mesh,7,True,3.48679895978421e-05
grasp_104,filtered_grasp,104,mesh,8,True,3.4985016100108624e-05
grasp_104,filtered_grasp,104,mesh,9,True,3.497299621812999e-05
grasp_105,filtered_grasp,105,mesh,0,True,3.4697994124144316e-05
grasp_105,filtered_grasp,105,mesh,1,True,3.492899122647941e-05
grasp_105,filtered_grasp,105,mesh,2,True,3.518900484777987e-05
grasp_105,filtered_grasp,105,mesh,3,True,3.4979020711034536e-05
grasp_105,filtered_grasp,105,mesh,4,True,3.492998075671494e-05
grasp_105,filtered_grasp,105,mesh,5,True,3.611799911595881e-05
grasp_105,filtered_grasp,105,mesh,6,True,3.633098094724119e-05
grasp_105,filtered_grasp,105,mesh,7,True,3.497800207696855e-05
grasp_105,filtered_grasp,105,mesh,8,True,3.5066012060269713e-05
grasp_105,filtered_grasp,105,mesh,9,True,3.764498978853226e-05
grasp_106,filtered_grasp,106,mesh,0,True,3.506298526190221e-05
grasp_106,filtered_grasp,106,mesh,1,True,3.541700425557792e-05
grasp_106,filtered_grasp,106,mesh,2,True,3.51359776686877e-05
grasp_106,filtered_grasp,106,mesh,3,True,3.550300607457757e-05
grasp_106,filtered_grasp,106,mesh,4,True,3.5585020668804646e-05
grasp_106,filtered_grasp,106,mesh,5,True,3.5689998185262084e-05
grasp_106,filtered_grasp,106,mesh,6,True,3.533400013111532e-05
grasp_106,filtered_grasp,106,mesh,7,True,3.516301512718201e-05
grasp_106,filtered_grasp,106,mesh,8,True,3.552998532541096e-05
grasp_106,filtered_grasp,106,mesh,9,True,3.5384990042075515e-05
grasp_107,filtered_grasp,107,mesh,0,True,3.525198553688824e-05
grasp_107,filtered_grasp,107,mesh,1,True,3.5097007639706135e-05
grasp_107,filtered_grasp,107,mesh,2,True,3.495198325254023e-05
grasp_107,filtered_grasp,107,mesh,3,True,3.490701783448458e-05
grasp_107,filtered_grasp,107,mesh,4,True,3.5071978345513344e-05
grasp_107,filtered_grasp,107,mesh,5,True,3.511799150146544e-05
grasp_107,filtered_grasp,107,mesh,6,True,3.5129982279613614e-05
grasp_107,filtered_grasp,107,mesh,7,True,3.4805998438969254e-05
grasp_107,filtered_grasp,107,mesh,8,True,3.54369985871017e-05
grasp_107,filtered_grasp,107,mesh,9,True,3.522000042721629e-05
grasp_108,filtered_grasp,108,mesh,0,True,3.468600334599614e-05
grasp_108,filtered_grasp,108,mesh,1,True,3.724300768226385e-05
grasp_108,filtered_grasp,108,mesh,2,True,3.496900899335742e-05
grasp_108,filtered_grasp,108,mesh,3,True,3.4653989132493734e-05
grasp_108,filtered_grasp,108,mesh,4,True,3.460099105723202e-05
grasp_108,filtered_grasp,108,mesh,5,True,3.464199835434556e-05
grasp_108,filtered_grasp,108,mesh,6,True,3.466702764853835e-05
grasp_108,filtered_grasp,108,mesh,7,True,3.460200969129801e-05
grasp_108,filtered_grasp,108,mesh,8,True,3.45029984600842e-05
grasp_108,filtered_grasp,108,mesh,9,True,3.453399403952062e-05
grasp_109,filtered_grasp,109,mesh,0,True,3.46959859598428e-05
grasp_109,filtered_grasp,109,mesh,1,True,3.460000152699649e-05
grasp_109,filtered_grasp,109,mesh,2,True,3.4755998058244586e-05
grasp_109,filtered_grasp,109,mesh,3,True,3.473699325695634e-05
grasp_109,filtered_grasp,109,mesh,4,True,3.471400123089552e-05
grasp_109,filtered_grasp,109,mesh,5,True,3.464100882411003e-05
grasp_109,filtered_grasp,109,mesh,6,True,3.446202026680112e-05
grasp_109,filtered_grasp,109,mesh,7,True,3.450899384915829e-05
grasp_109,filtered_grasp,109,mesh,8,True,3.4536002203822136e-05
grasp_109,filtered_grasp,109,mesh,9,True,3.456199192442e-05
grasp_110,filtered_grasp,110,mesh,0,True,3.4607015550136566e-05
grasp_110,filtered_grasp,110,mesh,1,True,3.463498433120549e-05
grasp_110,filtered_grasp,110,mesh,2,True,3.475401899777353e-05
grasp_110,filtered_grasp,110,mesh,3,True,3.46320157404989e-05
grasp_110,filtered_grasp,110,mesh,4,True,3.458798164501786e-05
grasp_110,filtered_grasp,110,mesh,5,True,3.685499541461468e-05
grasp_110,filtered_grasp,110,mesh,6,True,3.52440110873431e-05
grasp_110,filtered_grasp,110,mesh,7,True,3.516799188219011e-05
grasp_110,filtered_grasp,110,mesh,8,True,3.521799226291478e-05
grasp_110,filtered_grasp,110,mesh,9,True,3.4985016100108624e-05
grasp_111,filtered_grasp,111,mesh,0,True,3.4643016988411546e-05
grasp_111,filtered_grasp,111,mesh,1,True,3.4702010452747345e-05
grasp_111,filtered_grasp,111,mesh,2,True,3.473999095149338e-05
grasp_111,filtered_grasp,111,mesh,3,True,3.477200516499579e-05
grasp_111,filtered_grasp,111,mesh,4,True,3.476801794022322e-05
grasp_111,filtered_grasp,111,mesh,5,True,3.503297921270132e-05
grasp_111,filtered_grasp,111,mesh,6,True,3.4806987969204783e-05
grasp_111,filtered_grasp,111,mesh,7,True,3.466798807494342e-05
grasp_111,filtered_grasp,111,mesh,8,True,3.4733995562419295e-05
grasp_111,filtered_grasp,111,mesh,9,True,3.549898974597454e-05
grasp_112,filtered_grasp,112,mesh,0,True,3.475899575278163e-05
grasp_112,filtered_grasp,112,mesh,1,True,3.474400728009641e-05
grasp_112,filtered_grasp,112,mesh,2,True,3.4666998544707894e-05
grasp_112,filtered_grasp,112,mesh,3,True,3.486502100713551e-05
grasp_112,filtered_grasp,112,mesh,4,True,3.466100315563381e-05
grasp_112,filtered_grasp,112,mesh,5,True,3.474598634056747e-05
grasp_112,filtered_grasp,112,mesh,6,True,3.468099748715758e-05
grasp_112,filtered_grasp,112,mesh,7,True,3.470800584182143e-05
grasp_112,filtered_grasp,112,mesh,8,True,3.4644006518647075e-05
grasp_112,filtered_grasp,112,mesh,9,True,3.467898932285607e-05
